State,County,Days with AQI,Good Days,Moderate Days,Unhealthy for Sensitive Groups Days,Unhealthy Days,Very Unhealthy Days,Hazardous Days,Max AQI,90th Percentile AQI,Median AQI,Days CO,Days NO2,Days Ozone,Days SO2,Days PM2.5,Days PM10
Alabama,Baldwin,168,159,9,0,0,0,0,74,48,37,0,0,130,0,38,0
Alabama,Clay,58,54,4,0,0,0,0,86,49,24,0,0,0,0,58,0
Alabama,DeKalb,242,234,8,0,0,0,0,90,46,37,0,0,230,0,12,0
Alabama,Elmore,149,149,0,0,0,0,0,47,43,33,0,0,149,0,0,0
Alabama,Etowah,169,161,8,0,0,0,0,92,46,35,0,0,137,0,32,0
Alabama,Jefferson,245,149,93,3,0,0,0,129,67,46,1,2,97,0,145,0
Alabama,Lawrence,20,20,0,0,0,0,0,26,25,13,0,0,0,0,20,0
Alabama,Madison,182,158,24,0,0,0,0,88,54,40,0,0,79,0,103,0
Alabama,Mobile,203,184,19,0,0,0,0,68,50,35,0,0,101,3,99,0
Alabama,Montgomery,209,103,104,2,0,0,0,116,67,51,0,0,31,0,178,0
Alabama,Morgan,202,181,21,0,0,0,0,71,51,34,0,0,111,0,91,0
Alabama,Russell,212,179,33,0,0,0,0,99,56,36,0,0,70,0,142,0
Alabama,Shelby,211,200,11,0,0,0,0,71,47,31,0,0,147,64,0,0
Alabama,Sumter,213,209,4,0,0,0,0,70,44,30,0,0,126,8,79,0
Alabama,Tuscaloosa,165,159,6,0,0,0,0,97,45,33,0,0,133,0,32,0
Alaska,Aleutians East ,20,20,0,0,0,0,0,31,28,8,0,0,0,0,20,0
Alaska,Anchorage ,183,163,20,0,0,0,0,91,51,24,4,0,0,0,101,78
Alaska,Bethel ,167,166,1,0,0,0,0,56,21,6,0,0,0,0,24,143
Alaska,Denali ,235,234,1,0,0,0,0,54,43,35,0,0,235,0,0,0
Alaska,Fairbanks North Star ,183,132,41,3,7,0,0,167,89,35,1,0,81,1,97,3
Alaska,Juneau ,177,174,3,0,0,0,0,66,35,13,0,0,0,0,161,16
Alaska,Kenai Peninsula ,20,20,0,0,0,0,0,40,13,4,0,0,0,0,20,0
Alaska,Matanuska-Susitna ,178,162,15,1,0,0,0,103,49,16,0,0,0,0,137,41
Alaska,North Slope ,15,15,0,0,0,0,0,36,13,6,0,0,0,0,15,0
Arizona,Apache,270,268,2,0,0,0,0,57,25,14,0,0,0,0,6,264
Arizona,Cochise,274,210,62,2,0,0,0,108,64,45,0,0,231,0,0,43
Arizona,Coconino,274,227,47,0,0,0,0,93,58,45,0,0,274,0,0,0
Arizona,Gila,274,160,101,10,3,0,0,174,81,49,0,0,230,32,0,12
Arizona,La Paz,274,205,67,2,0,0,0,125,61,46,0,0,269,0,0,5
Arizona,Maricopa,275,75,168,29,3,0,0,199,101,64,1,2,194,0,47,31
Arizona,Mohave,267,262,4,1,0,0,0,116,34,19,0,0,0,0,3,264
Arizona,Navajo,272,229,42,1,0,0,0,136,58,44,0,0,243,0,0,29
Arizona,Pima,275,131,133,11,0,0,0,126,80,51,1,0,192,0,11,71
Arizona,Pinal,273,107,137,29,0,0,0,150,101,59,0,0,195,0,13,65
Arizona,Santa Cruz,271,213,56,1,1,0,0,165,60,30,0,0,0,0,146,125
Arizona,Yavapai,271,205,65,1,0,0,0,119,64,46,0,0,271,0,0,0
Arizona,Yuma,274,206,68,0,0,0,0,99,67,44,0,0,198,0,45,31
Arkansas,Arkansas,90,82,8,0,0,0,0,82,47,27,0,0,0,0,90,0
Arkansas,Ashley,92,85,7,0,0,0,0,89,48,28,0,0,0,0,92,0
Arkansas,Clark,221,220,1,0,0,0,0,67,41,31,0,0,221,0,0,0
Arkansas,Crittenden,274,228,43,3,0,0,0,115,57,40,0,3,175,0,96,0
Arkansas,Garland,91,80,11,0,0,0,0,83,52,28,0,0,0,0,91,0
Arkansas,Jackson,92,83,9,0,0,0,0,72,45,26,0,0,0,0,92,0
Arkansas,Newton,271,266,5,0,0,0,0,84,45,36,0,0,271,0,0,0
Arkansas,Polk,267,248,19,0,0,0,0,84,47,37,0,0,242,0,25,0
Arkansas,Pulaski,275,207,66,2,0,0,0,132,59,42,1,4,138,0,132,0
Arkansas,Union,91,79,12,0,0,0,0,89,52,33,0,0,0,0,91,0
Arkansas,Washington,274,236,37,1,0,0,0,150,54,40,0,0,194,0,80,0
California,Alameda,215,153,55,3,4,0,0,174,63,41,2,8,110,0,95,0
California,Amador,209,201,8,0,0,0,0,77,48,37,0,0,209,0,0,0
California,Butte,214,146,68,0,0,0,0,93,67,43,1,0,166,0,47,0
California,Calaveras,212,178,34,0,0,0,0,80,54,41,0,0,165,0,47,0
California,Colusa,251,205,25,6,15,0,0,184,78,36,0,0,169,0,75,7
California,Contra Costa,215,162,47,2,4,0,0,164,58,40,2,2,121,0,90,0
California,Del Norte,170,146,18,3,2,1,0,220,54,30,0,0,0,0,170,0
California,El Dorado,213,167,45,1,0,0,0,101,67,41,0,0,209,0,2,2
California,Fresno,274,87,135,36,16,0,0,198,122,64,0,1,175,0,91,7
California,Glenn,213,185,28,0,0,0,0,82,53,40,0,0,163,0,47,3
California,Humboldt,273,266,7,0,0,0,0,64,35,27,0,0,223,1,35,14
California,Imperial,197,130,65,2,0,0,0,124,71,42,0,0,36,0,134,27
California,Inyo,274,163,94,14,1,0,2,458,89,46,0,0,222,0,1,51
California,Kern,214,89,116,8,1,0,0,197,90,55,1,0,140,0,67,6
California,Kings,305,93,169,36,6,0,1,543,109,64,0,0,146,0,90,69
California,Lake,172,172,0,0,0,0,0,48,40,30,0,0,165,0,5,2
California,Los Angeles,183,58,87,26,10,2,0,206,140,62,1,17,105,0,58,2
California,Madera,212,122,87,3,0,0,0,143,71,48,0,0,153,0,59,0
California,Marin,215,200,13,2,0,0,0,114,45,32,2,5,131,0,77,0
California,Mariposa,244,153,79,9,3,0,0,187,84,46,0,0,220,0,19,5
California,Mendocino,91,74,17,0,0,0,0,66,56,35,0,0,32,0,59,0
California,Merced,274,147,102,13,12,0,0,183,99,49,0,0,173,0,101,0
California,Mono,182,138,35,3,1,0,5,1928,64,26,0,0,0,0,151,31
California,Monterey,183,172,11,0,0,0,0,83,45,35,1,0,151,0,30,1
California,Napa,215,192,18,5,0,0,0,140,52,34,2,0,146,0,67,0
California,Nevada,305,214,59,15,13,4,0,252,108,42,0,0,203,0,102,0
California,Orange,183,120,55,5,3,0,0,156,79,44,1,6,131,0,45,0
California,Placer,244,143,85,8,7,1,0,222,87,48,0,0,173,0,71,0
California,Plumas,299,173,80,13,20,10,3,340,163,44,0,0,0,0,299,0
California,Riverside,305,69,170,51,12,1,2,576,126,71,0,0,174,0,69,62
California,Sacramento,214,146,65,2,1,0,0,155,74,44,1,2,158,0,53,0
California,San Benito,244,226,17,1,0,0,0,105,49,39,0,0,228,0,14,2
California,San Bernardino,244,57,123,40,19,5,0,212,150,74,0,5,180,0,55,4
California,San Diego,214,67,138,7,2,0,0,154,84,60,1,2,92,0,118,1
California,San Francisco,215,173,41,1,0,0,0,111,55,35,2,8,98,0,107,0
California,San Joaquin,274,185,73,4,12,0,0,195,83,44,0,0,151,0,107,16
California,San Luis Obispo,182,132,50,0,0,0,0,93,64,43,0,0,131,0,40,11
California,San Mateo,215,194,19,2,0,0,0,141,49,32,2,6,124,0,83,0
California,Santa Barbara,245,218,27,0,0,0,0,93,52,39,1,0,208,0,36,0
California,Santa Clara,215,172,37,4,2,0,0,163,64,39,2,7,127,0,79,0
California,Santa Cruz,182,181,1,0,0,0,0,54,40,33,0,0,139,0,43,0
California,Shasta,241,220,20,1,0,0,0,115,50,40,0,0,236,0,5,0
California,Siskiyou,182,175,7,0,0,0,0,55,44,34,0,0,150,0,32,0
California,Solano,274,233,34,7,0,0,0,142,58,38,0,0,206,0,68,0
California,Sonoma,245,233,12,0,0,0,0,97,43,32,1,0,173,0,70,1
California,Stanislaus,274,139,108,14,13,0,0,184,97,50,0,1,184,0,88,1
California,Sutter,213,162,50,0,1,0,0,159,61,43,0,0,149,0,63,1
California,Tehama,213,170,43,0,0,0,0,93,61,41,0,0,181,0,32,0
California,Trinity,240,190,31,8,11,0,0,193,79,18,0,0,0,0,240,0
California,Tulare,244,71,100,62,9,2,0,209,136,66,0,0,163,0,81,0
California,Tuolumne,203,172,31,0,0,0,0,90,54,41,0,0,203,0,0,0
California,Ventura,274,178,80,13,3,0,0,153,87,46,0,0,248,0,26,0
California,Yolo,266,225,39,2,0,0,0,115,58,40,0,0,226,0,40,0
Colorado,Adams,285,159,115,10,1,0,0,151,74,48,0,32,154,0,45,54
Colorado,Alamosa,20,20,0,0,0,0,0,33,11,5,0,0,0,0,20,0
Colorado,Arapahoe,256,161,84,9,2,0,0,159,80,48,0,0,243,0,13,0
Colorado,Archuleta,260,258,2,0,0,0,0,55,28,18,0,0,0,0,0,260
Colorado,Boulder,277,162,99,15,1,0,0,161,84,48,0,0,208,0,68,1
Colorado,Clear Creek,86,54,28,4,0,0,0,143,80,47,0,0,86,0,0,0
Colorado,Delta,182,168,14,0,0,0,0,71,49,42,0,0,166,0,16,0
Colorado,Denver,285,148,122,15,0,0,0,150,85,50,0,58,130,0,95,2
Colorado,Douglas,276,172,88,13,3,0,0,159,87,47,0,0,224,0,52,0
Colorado,El Paso,275,183,85,6,1,0,0,151,74,46,0,0,238,0,36,1
Colorado,Fremont,12,12,0,0,0,0,0,27,20,12,0,0,0,0,0,12
Colorado,Garfield,182,124,58,0,0,0,0,97,74,48,0,0,182,0,0,0
Colorado,Gilpin,241,176,57,8,0,0,0,136,71,47,0,0,241,0,0,0
Colorado,Gunnison,234,186,46,2,0,0,0,108,58,45,0,0,234,0,0,0
Colorado,Jackson,15,15,0,0,0,0,0,5,5,2,0,0,0,0,15,0
Colorado,Jefferson,244,137,83,20,4,0,0,161,97,49,0,0,244,0,0,0
Colorado,La Plata,238,194,44,0,0,0,0,90,58,44,0,2,233,0,3,0
Colorado,Larimer,270,155,104,11,0,0,0,146,87,49,0,0,236,0,34,0
Colorado,Mesa,277,243,34,0,0,0,0,99,54,42,0,0,156,0,100,21
Colorado,Montezuma,244,195,47,2,0,0,0,126,61,45,0,0,244,0,0,0
Colorado,Pitkin,71,71,0,0,0,0,0,48,23,11,0,0,0,0,5,66
Colorado,Prowers,255,242,11,0,2,0,0,177,37,17,0,0,0,0,0,255
Colorado,Pueblo,68,65,3,0,0,0,0,63,43,18,0,0,0,0,42,26
Colorado,Rio Blanco,244,203,39,2,0,0,0,115,54,44,0,0,218,0,26,0
Colorado,Routt,257,253,4,0,0,0,0,68,30,13,0,0,0,0,0,257
Colorado,San Juan,19,19,0,0,0,0,0,9,7,3,0,0,0,0,19,0
Colorado,San Miguel,87,84,3,0,0,0,0,54,30,12,0,0,0,0,0,87
Colorado,Weld,276,165,101,10,0,0,0,140,84,48,0,0,201,0,75,0
Connecticut,Fairfield,182,137,43,2,0,0,0,143,63,44,0,9,112,0,61,0
Connecticut,Hartford,183,157,26,0,0,0,0,93,54,39,2,13,121,0,47,0
Connecticut,Litchfield,183,168,15,0,0,0,0,84,48,39,1,0,170,0,12,0
Connecticut,Middlesex,122,112,10,0,0,0,0,97,49,40,0,0,122,0,0,0
Connecticut,New Haven,183,142,40,1,0,0,0,101,61,42,2,3,129,0,48,1
Connecticut,New London,181,164,17,0,0,0,0,87,50,39,0,0,108,0,73,0
Connecticut,Tolland,117,111,6,0,0,0,0,93,47,40,0,0,117,0,0,0
Connecticut,Windham,234,224,10,0,0,0,0,87,45,37,0,0,234,0,0,0
Delaware,Kent,182,166,16,0,0,0,0,80,48,39,0,0,147,0,35,0
Delaware,New Castle,183,159,24,0,0,0,0,77,54,41,1,6,123,0,53,0
Delaware,Sussex,182,171,11,0,0,0,0,74,47,39,0,0,149,0,33,0
District of Columbia,District of Columbia,274,248,25,0,1,0,0,166,50,38,0,29,119,0,126,0
Florida,Alachua,182,156,25,1,0,0,0,105,53,39,0,0,122,0,60,0
Florida,Baker,179,162,15,2,0,0,0,140,50,39,0,0,135,0,44,0
Florida,Bay,179,152,25,2,0,0,0,146,54,40,0,0,121,0,58,0
Florida,Brevard,182,157,25,0,0,0,0,80,54,41,0,0,133,0,49,0
Florida,Broward,183,131,52,0,0,0,0,93,59,43,1,1,93,0,88,0
Florida,Citrus,179,154,24,1,0,0,0,125,53,34,0,0,0,5,174,0
Florida,Collier,181,151,30,0,0,0,0,84,54,40,0,0,100,0,81,0
Florida,Columbia,130,109,18,1,2,0,0,158,54,40,0,0,60,0,70,0
Florida,Duval,183,137,44,2,0,0,0,125,58,45,1,0,81,1,99,1
Florida,Escambia,182,134,48,0,0,0,0,77,58,45,0,0,105,0,77,0
Florida,Flagler,182,179,3,0,0,0,0,64,44,35,0,0,182,0,0,0
Florida,Hamilton,163,140,21,1,1,0,0,154,53,35,0,0,0,1,162,0
Florida,Highlands,176,163,13,0,0,0,0,74,48,37,0,0,176,0,0,0
Florida,Hillsborough,183,131,49,3,0,0,0,112,64,45,1,0,90,4,83,5
Florida,Holmes,179,151,25,3,0,0,0,138,54,40,0,0,106,0,73,0
Florida,Indian River,238,224,14,0,0,0,0,87,48,37,0,0,238,0,0,0
Florida,Lake,182,170,12,0,0,0,0,87,47,37,0,0,182,0,0,0
Florida,Lee,182,157,25,0,0,0,0,100,54,41,0,0,134,0,48,0
Florida,Leon,182,134,45,2,1,0,0,160,60,42,0,0,67,0,115,0
Florida,Liberty,238,236,2,0,0,0,0,51,47,32,0,0,238,0,0,0
Florida,Manatee,182,171,11,0,0,0,0,97,46,38,0,0,182,0,0,0
Florida,Marion,182,142,40,0,0,0,0,100,57,43,0,0,107,0,75,0
Florida,Martin,181,157,24,0,0,0,0,84,52,40,0,0,114,0,67,0
Florida,Miami-Dade,183,137,46,0,0,0,0,90,61,43,1,0,89,0,93,0
Florida,Nassau,176,169,7,0,0,0,0,72,39,6,0,0,0,138,38,0
Florida,Okaloosa,181,175,6,0,0,0,0,74,47,36,0,0,165,0,0,16
Florida,Orange,183,159,24,0,0,0,0,93,52,40,1,0,142,0,40,0
Florida,Osceola,182,170,12,0,0,0,0,90,48,37,0,0,182,0,0,0
Florida,Palm Beach,182,154,28,0,0,0,0,70,53,40,0,0,125,0,52,5
Florida,Pasco,182,171,11,0,0,0,0,77,49,39,0,0,182,0,0,0
Florida,Pinellas,183,147,36,0,0,0,0,100,57,43,1,0,113,0,69,0
Florida,Polk,182,146,36,0,0,0,0,87,57,41,0,0,116,1,65,0
Florida,Putnam,182,181,1,0,0,0,0,67,31,17,0,0,0,1,0,181
Florida,Santa Rosa,181,148,33,0,0,0,0,84,54,43,0,0,125,0,56,0
Florida,Sarasota,182,149,33,0,0,0,0,90,56,42,0,0,122,0,60,0
Florida,Seminole,182,161,21,0,0,0,0,84,52,40,0,0,137,0,45,0
Florida,St. Lucie,176,167,9,0,0,0,0,74,48,36,0,0,176,0,0,0
Florida,Volusia,180,158,22,0,0,0,0,77,54,41,0,0,113,0,67,0
Florida,Wakulla,179,155,22,0,2,0,0,161,54,39,3,0,104,0,72,0
Georgia,Bibb,274,245,29,0,0,0,0,97,51,35,0,0,137,0,137,0
Georgia,Charlton,19,19,0,0,0,0,0,48,33,17,0,0,0,0,19,0
Georgia,Chatham,274,239,33,2,0,0,0,131,53,38,0,0,109,33,132,0
Georgia,Chattooga,214,213,1,0,0,0,0,58,43,32,0,0,214,0,0,0
Georgia,Clarke,244,219,25,0,0,0,0,99,51,37,0,0,109,0,135,0
Georgia,Clayton,81,69,12,0,0,0,0,90,52,28,0,0,0,0,81,0
Georgia,Cobb,204,188,16,0,0,0,0,90,49,35,0,0,164,0,40,0
Georgia,Coffee,80,78,1,1,0,0,0,108,42,25,0,0,0,0,80,0
Georgia,Columbia,180,178,2,0,0,0,0,51,45,33,0,0,180,0,0,0
Georgia,Dawson,214,208,6,0,0,0,0,74,43,31,0,0,214,0,0,0
Georgia,DeKalb,275,241,33,1,0,0,0,106,52,38,1,30,126,0,118,0
Georgia,Dougherty,244,182,60,2,0,0,0,114,63,37,0,0,0,0,244,0
Georgia,Douglas,214,207,7,0,0,0,0,77,45,32,0,0,214,0,0,0
Georgia,Floyd,274,246,28,0,0,0,0,80,51,29,0,0,0,69,205,0
Georgia,Fulton,274,203,69,2,0,0,0,125,60,42,0,15,102,0,157,0
Georgia,Glynn,234,229,5,0,0,0,0,96,44,31,0,0,190,0,44,0
Georgia,Gwinnett,242,210,31,1,0,0,0,101,54,38,0,0,119,0,123,0
Georgia,Hall,238,200,38,0,0,0,0,98,56,33,0,0,0,0,238,0
Georgia,Henry,244,216,28,0,0,0,0,95,51,34,0,0,127,0,117,0
Georgia,Houston,241,201,39,1,0,0,0,114,57,35,0,0,0,0,241,0
Georgia,Lowndes,119,105,13,1,0,0,0,141,54,29,0,0,0,0,119,0
Georgia,Murray,198,187,10,1,0,0,0,139,48,37,0,0,181,0,17,0
Georgia,Muscogee,274,240,33,1,0,0,0,101,52,34,0,0,139,0,135,0
Georgia,Pike,232,229,3,0,0,0,0,64,44,34,0,0,232,0,0,0
Georgia,Richmond,274,220,50,4,0,0,0,114,55,40,0,0,89,17,153,15
Georgia,Rockdale,213,201,12,0,0,0,0,77,48,34,0,0,213,0,0,0
Georgia,Sumter,212,209,3,0,0,0,0,64,45,34,0,0,212,0,0,0
Georgia,Walker,177,151,26,0,0,0,0,84,53,30,0,0,0,0,177,0
Georgia,Washington,232,201,30,1,0,0,0,112,52,30,0,0,0,0,232,0
Hawaii,Hawaii,244,242,2,0,0,0,0,58,27,13,0,0,0,25,219,0
Hawaii,Honolulu,183,176,7,0,0,0,0,82,41,31,1,0,157,19,6,0
Hawaii,Kauai,182,182,0,0,0,0,0,41,31,14,0,24,0,0,158,0
Hawaii,Maui,170,168,2,0,0,0,0,56,23,15,0,0,0,0,170,0
Idaho,Ada,183,172,11,0,0,0,0,64,48,35,1,18,137,0,25,2
Idaho,Bannock,182,154,27,1,0,0,0,104,54,40,0,0,69,72,27,14
Idaho,Benewah,182,155,27,0,0,0,0,84,54,28,0,0,0,0,182,0
Idaho,Blaine,182,182,0,0,0,0,0,48,20,12,0,0,0,0,182,0
Idaho,Boise,182,166,16,0,0,0,0,76,48,26,0,0,0,0,182,0
Idaho,Bonner,182,179,3,0,0,0,0,59,39,23,0,0,0,0,176,6
Idaho,Bonneville,180,177,3,0,0,0,0,60,36,15,0,0,0,0,180,0
Idaho,Butte,242,222,19,1,0,0,0,126,50,41,0,0,242,0,0,0
Idaho,Canyon,182,166,16,0,0,0,0,67,45,23,0,0,0,0,160,22
Idaho,Caribou,175,171,4,0,0,0,0,64,26,4,0,0,0,175,0,0
Idaho,Custer,20,20,0,0,0,0,0,6,4,3,0,0,0,0,20,0
Idaho,Franklin,181,170,11,0,0,0,0,87,38,14,0,0,0,0,181,0
Idaho,Idaho,274,243,23,2,6,0,0,184,53,34,0,0,167,0,107,0
Idaho,Jerome,213,213,0,0,0,0,0,37,19,10,0,0,0,0,213,0
Idaho,Kootenai,180,180,0,0,0,0,0,40,25,13,0,0,0,0,180,0
Idaho,Latah,182,182,0,0,0,0,0,28,23,14,0,0,0,0,182,0
Idaho,Lemhi,182,122,57,3,0,0,0,130,76,28,0,0,0,0,182,0
Idaho,Nez Perce,272,249,16,0,5,1,1,321,48,17,0,0,0,0,272,0
Idaho,Shoshone,182,150,32,0,0,0,0,96,57,25,0,0,0,0,178,4
Idaho,Twin Falls,180,180,0,0,0,0,0,37,24,15,0,0,0,0,180,0
Idaho,Valley,150,138,12,0,0,0,0,82,47,24,0,0,0,0,150,0
Illinois,Adams,213,189,24,0,0,0,0,84,51,39,0,0,213,0,0,0
Illinois,Champaign,274,226,46,2,0,0,0,126,55,40,0,0,185,0,89,0
Illinois,Clark,271,255,16,0,0,0,0,97,47,34,0,0,271,0,0,0
Illinois,Cook,274,112,144,14,4,0,0,164,84,54,0,15,112,0,130,17
Illinois,DuPage,274,209,61,3,1,0,0,154,62,42,0,0,148,0,126,0
Illinois,Effingham,135,125,10,0,0,0,0,84,48,38,0,0,135,0,0,0
Illinois,Hamilton,261,206,54,1,0,0,0,118,56,41,0,0,139,0,122,0
Illinois,Jersey,266,231,34,1,0,0,0,112,54,40,0,0,176,0,90,0
Illinois,Jo Daviess,231,215,16,0,0,0,0,87,46,35,0,0,231,0,0,0
Illinois,Kane,227,181,39,6,1,0,0,161,70,40,0,0,185,0,42,0
Illinois,La Salle,253,253,0,0,0,0,0,26,1,0,0,0,0,253,0,0
Illinois,Lake,210,169,30,10,1,0,0,185,80,40,0,0,210,0,0,0
Illinois,Macon,274,215,59,0,0,0,0,90,55,42,0,0,119,40,115,0
Illinois,Macoupin,273,255,18,0,0,0,0,93,46,34,0,68,204,1,0,0
Illinois,Madison,274,158,113,3,0,0,0,112,72,48,0,0,136,0,138,0
Illinois,McHenry,246,186,51,9,0,0,0,147,67,42,0,0,126,0,120,0
Illinois,McLean,272,211,58,3,0,0,0,136,58,42,0,0,154,0,118,0
Illinois,Monroe,182,182,0,0,0,0,0,20,7,1,0,0,0,182,0,0
Illinois,Peoria,274,233,40,1,0,0,0,115,55,41,0,0,193,0,81,0
Illinois,Randolph,274,228,44,2,0,0,0,103,54,39,0,0,157,0,117,0
Illinois,Rock Island,268,225,42,1,0,0,0,102,55,39,0,0,144,0,124,0
Illinois,Saint Clair,273,228,45,0,0,0,0,100,57,36,0,53,139,0,81,0
Illinois,Sangamon,272,235,37,0,0,0,0,97,54,41,0,0,179,0,93,0
Illinois,Tazewell,274,274,0,0,0,0,0,20,7,1,0,0,0,274,0,0
Illinois,Wabash,274,270,4,0,0,0,0,74,14,1,0,0,0,274,0,0
Illinois,Will,271,195,72,3,1,0,0,155,59,43,0,0,132,0,139,0
Illinois,Winnebago,274,213,60,1,0,0,0,101,60,40,0,0,132,0,142,0
Indiana,Allen,274,221,51,2,0,0,0,120,58,41,0,0,194,0,80,0
Indiana,Bartholomew,274,241,33,0,0,0,0,97,53,38,0,0,221,0,53,0
Indiana,Boone,260,239,19,2,0,0,0,101,49,35,0,0,260,0,0,0
Indiana,Brown,272,257,15,0,0,0,0,80,46,35,0,0,272,0,0,0
Indiana,Carroll,272,260,12,0,0,0,0,100,46,33,0,0,272,0,0,0
Indiana,Clark,274,218,56,0,0,0,0,91,55,41,0,0,155,0,119,0
Indiana,Daviess,270,270,0,0,0,0,0,19,4,0,0,0,0,270,0,0
Indiana,Delaware,273,242,31,0,0,0,0,97,53,37,0,0,242,0,31,0
Indiana,Dubois,93,80,13,0,0,0,0,67,54,32,0,0,0,0,91,2
Indiana,Elkhart,274,244,28,0,2,0,0,158,51,37,0,0,198,0,76,0
Indiana,Floyd,274,258,15,1,0,0,0,143,47,35,0,0,274,0,0,0
Indiana,Gibson,271,257,13,1,0,0,0,114,26,3,0,0,0,271,0,0
Indiana,Greene,269,242,27,0,0,0,0,90,51,37,0,0,245,0,24,0
Indiana,Hamilton,274,240,34,0,0,0,0,97,54,40,0,0,193,0,81,0
Indiana,Hendricks,274,257,17,0,0,0,0,87,48,34,0,0,274,0,0,0
Indiana,Henry,89,80,9,0,0,0,0,63,51,29,0,0,0,0,89,0
Indiana,Howard,274,237,36,1,0,0,0,108,53,39,0,0,209,0,65,0
Indiana,Knox,233,211,21,1,0,0,0,105,50,37,0,0,233,0,0,0
Indiana,LaPorte,274,224,43,6,1,0,0,154,67,39,0,0,249,0,25,0
Indiana,Lake,274,187,81,6,0,0,0,136,65,44,0,3,148,5,116,2
Indiana,Madison,274,235,39,0,0,0,0,97,53,39,0,0,188,0,86,0
Indiana,Marion,275,161,111,3,0,0,0,108,67,47,1,2,119,0,149,4
Indiana,Monroe,248,229,19,0,0,0,0,69,49,29,0,0,0,0,248,0
Indiana,Perry,274,261,12,1,0,0,0,105,47,36,0,0,274,0,0,0
Indiana,Porter,274,213,51,9,1,0,0,151,74,43,0,0,192,20,57,5
Indiana,Posey,263,244,18,1,0,0,0,112,47,34,0,0,263,0,0,0
Indiana,Shelby,274,255,18,1,0,0,0,115,48,34,0,0,274,0,0,0
Indiana,Spencer,92,81,11,0,0,0,0,63,52,31,0,0,0,0,92,0
Indiana,St. Joseph,274,215,55,3,1,0,0,162,58,41,0,1,195,0,78,0
Indiana,Sullivan,31,27,4,0,0,0,0,53,51,29,0,0,0,0,31,0
Indiana,Tippecanoe,236,172,64,0,0,0,0,69,56,37,0,0,0,0,236,0
Indiana,Vanderburgh,275,235,38,2,0,0,0,101,55,39,1,0,201,0,73,0
Indiana,Vigo,274,232,41,1,0,0,0,112,54,39,0,0,197,0,77,0
Indiana,Wabash,242,217,25,0,0,0,0,97,51,38,0,0,242,0,0,0
Indiana,Warrick,274,255,17,2,0,0,0,112,48,36,0,0,274,0,0,0
Indiana,Whitley,237,181,56,0,0,0,0,76,56,40,0,0,0,0,237,0
Iowa,Black Hawk,305,267,38,0,0,0,0,86,52,31,0,0,0,0,305,0
Iowa,Bremer,244,232,12,0,0,0,0,87,45,35,0,0,244,0,0,0
Iowa,Cerro Gordo,93,93,0,0,0,0,0,47,35,17,0,0,0,0,0,93
Iowa,Clinton,304,244,60,0,0,0,0,87,58,38,0,0,178,1,125,0
Iowa,Harrison,242,223,19,0,0,0,0,87,49,37,0,0,242,0,0,0
Iowa,Johnson,301,243,58,0,0,0,0,89,56,33,0,0,0,0,301,0
Iowa,Lee,91,82,9,0,0,0,0,60,50,30,0,0,0,0,91,0
Iowa,Linn,305,231,73,1,0,0,0,105,58,39,0,0,132,8,165,0
Iowa,Montgomery,305,271,34,0,0,0,0,73,51,36,0,0,177,0,128,0
Iowa,Muscatine,305,269,35,1,0,0,0,124,52,29,0,0,0,4,296,5
Iowa,Palo Alto,305,272,33,0,0,0,0,87,51,36,0,0,194,0,111,0
Iowa,Polk,305,263,40,0,2,0,0,186,54,36,0,6,187,0,112,0
Iowa,Pottawattamie,94,85,9,0,0,0,0,77,50,31,0,0,0,0,83,11
Iowa,Scott,306,195,108,2,1,0,0,155,64,44,1,0,107,0,109,89
Iowa,Van Buren,305,285,20,0,0,0,0,87,49,36,0,0,191,0,113,1
Iowa,Woodbury,92,83,9,0,0,0,0,75,50,28,0,0,0,0,92,0
Kansas,Chase,20,20,0,0,0,0,0,30,28,14,0,0,0,0,20,0
Kansas,Ford,155,154,1,0,0,0,0,67,25,10,0,0,0,0,0,155
Kansas,Johnson,182,157,25,0,0,0,0,95,54,35,0,0,130,0,52,0
Kansas,Leavenworth,182,176,6,0,0,0,0,74,45,34,0,0,182,0,0,0
Kansas,Neosho,182,154,26,2,0,0,0,106,54,39,0,0,108,0,73,1
Kansas,Sedgwick,182,158,22,2,0,0,0,114,54,38,0,2,154,0,23,3
Kansas,Shawnee,182,146,33,1,2,0,0,169,58,41,0,0,111,0,71,0
Kansas,Sherman,182,177,5,0,0,0,0,92,32,12,0,0,0,0,0,182
Kansas,Sumner,182,151,29,2,0,0,0,117,58,39,0,0,122,0,59,1
Kansas,Trego,182,165,17,0,0,0,0,73,49,36,0,0,167,0,13,2
Kansas,Wyandotte,183,114,67,2,0,0,0,107,61,45,1,5,69,0,106,2
Kentucky,Bell,131,128,3,0,0,0,0,55,47,38,0,0,117,0,14,0
Kentucky,Boone,119,111,8,0,0,0,0,87,48,36,0,0,119,0,0,0
Kentucky,Boyd,187,178,9,0,0,0,0,84,46,36,0,7,105,0,69,6
Kentucky,Bullitt,119,108,11,0,0,0,0,87,50,39,0,0,119,0,0,0
Kentucky,Campbell,182,160,22,0,0,0,0,84,51,38,0,3,95,0,84,0
Kentucky,Carter,148,148,0,0,0,0,0,49,44,34,0,0,116,0,26,6
Kentucky,Christian,141,127,14,0,0,0,0,71,50,40,0,0,116,0,25,0
Kentucky,Daviess,182,154,27,1,0,0,0,105,54,39,0,2,96,0,84,0
Kentucky,Edmonson,245,237,8,0,0,0,0,64,46,34,4,0,236,0,5,0
Kentucky,Fayette,187,171,16,0,0,0,0,80,50,38,0,7,92,0,83,5
Kentucky,Greenup,181,180,1,0,0,0,0,61,43,31,0,0,121,60,0,0
Kentucky,Hancock,122,112,10,0,0,0,0,97,47,39,0,0,122,0,0,0
Kentucky,Hardin,182,162,20,0,0,0,0,80,51,39,0,0,98,0,84,0
Kentucky,Henderson,180,167,12,1,0,0,0,114,33,1,0,0,0,180,0,0
Kentucky,Jefferson,92,64,28,0,0,0,0,67,58,42,1,4,24,0,63,0
Kentucky,Jessamine,180,173,7,0,0,0,0,77,46,32,0,0,122,58,0,0
Kentucky,Livingston,132,121,10,1,0,0,0,105,49,39,0,0,119,0,0,13
Kentucky,McCracken,187,154,32,1,0,0,0,111,57,40,0,6,96,0,80,5
Kentucky,Morgan,243,239,4,0,0,0,0,64,45,35,0,0,243,0,0,0
Kentucky,Oldham,118,106,12,0,0,0,0,97,51,40,0,0,118,0,0,0
Kentucky,Perry,180,170,10,0,0,0,0,99,47,35,0,0,87,0,93,0
Kentucky,Pike,181,176,5,0,0,0,0,92,45,33,0,0,103,0,78,0
Kentucky,Pulaski,142,134,8,0,0,0,0,64,48,38,0,0,118,0,24,0
Kentucky,Simpson,121,117,4,0,0,0,0,67,47,38,0,0,121,0,0,0
Kentucky,Trigg,240,228,12,0,0,0,0,84,46,36,0,0,240,0,0,0
Kentucky,Warren,182,157,25,0,0,0,0,97,53,39,0,0,75,0,107,0
Kentucky,Washington,243,232,11,0,0,0,0,77,47,36,0,0,243,0,0,0
Louisiana,Ascension,272,261,11,0,0,0,0,97,46,31,0,2,270,0,0,0
Louisiana,Bossier,270,235,34,1,0,0,0,105,54,36,0,0,178,0,92,0
Louisiana,Caddo,260,235,24,1,0,0,0,126,50,35,0,0,199,0,61,0
Louisiana,Calcasieu,263,181,81,1,0,0,0,116,62,43,0,0,121,5,137,0
Louisiana,East Baton Rouge,275,228,44,3,0,0,0,119,60,39,1,4,178,2,89,1
Louisiana,Iberville,274,237,34,3,0,0,0,136,58,36,0,0,257,0,17,0
Louisiana,Jefferson,274,224,50,0,0,0,0,87,57,39,0,1,198,0,75,0
Louisiana,Lafayette,272,213,58,1,0,0,0,120,58,40,0,0,161,0,111,0
Louisiana,Lafourche,274,212,62,0,0,0,0,90,57,41,0,0,130,0,144,0
Louisiana,Livingston,265,205,59,1,0,0,0,105,58,40,0,0,126,0,139,0
Louisiana,Orleans,275,249,26,0,0,0,0,88,47,27,3,93,0,0,170,9
Louisiana,Ouachita,274,260,14,0,0,0,0,71,45,33,0,0,257,0,17,0
Louisiana,Pointe Coupee,273,255,18,0,0,0,0,100,47,32,0,0,273,0,0,0
Louisiana,Rapides,61,57,3,1,0,0,0,103,47,22,0,0,0,0,61,0
Louisiana,St. Bernard,270,220,50,0,0,0,0,91,58,41,0,0,160,17,92,1
Louisiana,St. Charles,274,262,12,0,0,0,0,77,29,3,0,0,0,274,0,0
Louisiana,St. James,274,269,5,0,0,0,0,80,45,28,0,0,265,9,0,0
Louisiana,St. John the Baptist,268,259,9,0,0,0,0,80,46,31,0,0,268,0,0,0
Louisiana,St. Martin,271,252,19,0,0,0,0,87,48,33,0,0,271,0,0,0
Louisiana,St. Tammany,273,233,40,0,0,0,0,90,54,37,0,0,187,0,86,0
Louisiana,Tangipahoa,61,55,6,0,0,0,0,63,49,25,0,0,0,0,61,0
Louisiana,Terrebonne,61,57,4,0,0,0,0,68,42,24,0,0,0,0,61,0
Louisiana,West Baton Rouge,274,252,18,4,0,0,0,111,49,33,0,18,197,17,42,0
Maine,Androscoggin,305,294,11,0,0,0,0,64,44,31,0,0,191,0,112,2
Maine,Aroostook,274,249,24,0,1,0,0,189,50,34,0,0,173,0,77,24
Maine,Cumberland,306,270,36,0,0,0,0,74,52,38,1,4,214,0,87,0
Maine,Hancock,306,279,26,1,0,0,0,105,50,36,1,0,300,0,5,0
Maine,Kennebec,215,212,3,0,0,0,0,64,44,35,0,4,197,0,14,0
Maine,Knox,148,142,6,0,0,0,0,71,45,31,0,0,148,0,0,0
Maine,Oxford,270,267,3,0,0,0,0,57,44,34,0,0,228,0,42,0
Maine,Penobscot,305,295,10,0,0,0,0,73,44,31,0,0,209,0,94,2
Maine,Washington,278,276,2,0,0,0,0,61,44,35,0,0,278,0,0,0
Maine,York,235,223,12,0,0,0,0,87,47,39,0,0,235,0,0,0
Maryland,Allegany,156,156,0,0,0,0,0,9,3,1,0,0,0,156,0,0
Maryland,Anne Arundel,296,269,25,2,0,0,0,108,50,38,0,0,240,44,0,12
Maryland,Baltimore,304,260,42,2,0,0,0,105,54,39,0,11,245,0,48,0
Maryland,Baltimore (City),271,245,26,0,0,0,0,97,49,35,0,68,142,0,60,1
Maryland,Calvert,207,204,3,0,0,0,0,67,45,36,0,0,207,0,0,0
Maryland,Carroll,211,194,17,0,0,0,0,84,49,41,0,0,211,0,0,0
Maryland,Cecil,301,281,20,0,0,0,0,97,48,35,0,0,228,0,73,0
Maryland,Charles,205,204,1,0,0,0,0,58,45,36,0,0,205,0,0,0
Maryland,Dorchester,273,260,13,0,0,0,0,84,48,37,0,0,268,0,5,0
Maryland,Frederick,205,185,20,0,0,0,0,90,50,41,0,0,205,0,0,0
Maryland,Garrett,273,265,8,0,0,0,0,71,46,38,1,0,258,0,14,0
Maryland,Harford,303,264,38,1,0,0,0,119,54,39,0,0,237,0,66,0
Maryland,Howard,273,263,10,0,0,0,0,68,43,28,2,94,0,0,177,0
Maryland,Kent,271,259,12,0,0,0,0,100,47,37,0,0,208,0,63,0
Maryland,Montgomery,299,287,12,0,0,0,0,77,45,33,0,0,223,0,76,0
Maryland,Prince George's,305,281,23,1,0,0,0,105,49,37,0,3,279,0,23,0
Maryland,Washington,303,275,28,0,0,0,0,74,49,38,0,0,219,0,84,0
Massachusetts,Barnstable,203,196,5,2,0,0,0,108,46,38,0,0,200,0,3,0
Massachusetts,Berkshire,224,202,22,0,0,0,0,80,50,38,0,0,157,0,67,0
Massachusetts,Bristol,213,173,37,3,0,0,0,119,56,42,0,0,141,0,72,0
Massachusetts,Dukes,210,203,6,1,0,0,0,126,46,40,0,0,210,0,0,0
Massachusetts,Essex,219,199,20,0,0,0,0,77,50,38,0,5,158,0,56,0
Massachusetts,Franklin,223,200,23,0,0,0,0,84,51,38,0,0,131,0,92,0
Massachusetts,Hampden,224,189,35,0,0,0,0,99,55,41,0,2,141,0,81,0
Massachusetts,Hampshire,219,203,16,0,0,0,0,84,49,38,0,8,147,0,57,7
Massachusetts,Middlesex,213,197,16,0,0,0,0,90,48,39,0,8,165,0,40,0
Massachusetts,Norfolk,213,213,0,0,0,0,0,50,42,33,0,7,183,0,23,0
Massachusetts,Plymouth,219,199,20,0,0,0,0,80,49,40,0,0,143,0,76,0
Massachusetts,Suffolk,224,205,19,0,0,0,0,79,49,38,0,27,101,0,96,0
Massachusetts,Worcester,219,192,27,0,0,0,0,90,52,40,0,6,144,0,63,6
Michigan,Allegan,175,158,13,4,0,0,0,136,50,38,0,0,123,0,52,0
Michigan,Bay,181,177,4,0,0,0,0,55,38,19,0,0,0,0,181,0
Michigan,Benzie,138,127,9,1,1,0,0,164,46,37,0,0,138,0,0,0
Michigan,Berrien,134,119,9,6,0,0,0,150,51,39,0,0,134,0,0,0
Michigan,Cass,132,113,15,4,0,0,0,122,61,40,0,0,132,0,0,0
Michigan,Clinton,133,125,8,0,0,0,0,90,47,37,0,0,133,0,0,0
Michigan,Genesee,182,161,20,1,0,0,0,126,51,38,0,0,128,0,54,0
Michigan,Huron,139,127,8,4,0,0,0,150,50,38,0,0,139,0,0,0
Michigan,Ingham,182,165,17,0,0,0,0,74,50,35,0,3,133,0,46,0
Michigan,Kalamazoo,181,159,18,4,0,0,0,115,54,39,0,0,122,0,59,0
Michigan,Kent,183,152,26,5,0,0,0,143,58,38,2,0,133,0,48,0
Michigan,Keweenaw,20,20,0,0,0,0,0,35,30,8,0,0,0,0,20,0
Michigan,Lenawee,182,149,32,1,0,0,0,122,56,39,0,0,102,0,80,0
Michigan,Macomb,153,134,13,6,0,0,0,126,55,37,0,0,134,0,19,0
Michigan,Manistee,38,36,2,0,0,0,0,55,40,18,0,0,0,0,38,0
Michigan,Mason,224,202,20,1,1,0,0,159,50,38,0,0,224,0,0,0
Michigan,Missaukee,273,246,26,1,0,0,0,105,50,35,0,12,211,0,50,0
Michigan,Monroe,198,196,2,0,0,0,0,66,19,1,0,0,0,152,0,46
Michigan,Muskegon,124,106,14,4,0,0,0,143,64,39,0,0,124,0,0,0
Michigan,Oakland,154,132,19,3,0,0,0,122,58,37,0,0,128,0,26,0
Michigan,Ottawa,182,159,18,5,0,0,0,150,55,36,0,35,121,4,21,1
Michigan,Schoolcraft,163,155,5,3,0,0,0,133,45,38,0,0,136,0,27,0
Michigan,St. Clair,182,155,25,2,0,0,0,105,56,37,0,0,103,18,61,0
Michigan,Tuscola,222,210,10,2,0,0,0,101,46,35,0,0,222,0,0,0
Michigan,Washtenaw,244,199,42,3,0,0,0,126,57,39,0,0,193,0,51,0
Michigan,Wayne,183,108,73,2,0,0,0,108,67,47,1,7,62,3,110,0
Michigan,Wexford,237,223,14,0,0,0,0,100,46,36,0,0,237,0,0,0
Minnesota,Anoka,183,161,22,0,0,0,0,87,52,38,1,9,116,0,57,0
Minnesota,Becker,182,166,15,1,0,0,0,101,48,36,0,0,115,0,67,0
Minnesota,Beltrami,180,177,3,0,0,0,0,73,40,24,0,0,0,0,180,0
Minnesota,Carlton,178,175,3,0,0,0,0,84,44,32,0,0,105,0,73,0
Minnesota,Cass,176,172,4,0,0,0,0,70,30,17,0,0,0,0,176,0
Minnesota,Cook,182,180,2,0,0,0,0,53,21,10,0,0,0,0,182,0
Minnesota,Crow Wing,182,174,8,0,0,0,0,76,44,32,0,0,96,0,86,0
Minnesota,Dakota,183,163,20,0,0,0,0,74,51,31,1,12,0,1,169,0
Minnesota,Goodhue,108,100,8,0,0,0,0,87,50,40,0,0,108,0,0,0
Minnesota,Hennepin,183,128,55,0,0,0,0,77,58,40,1,5,12,0,120,45
Minnesota,Lake,182,175,7,0,0,0,0,71,43,35,0,0,112,0,70,0
Minnesota,Lyon,179,165,14,0,0,0,0,80,48,35,0,0,107,0,72,0
Minnesota,Mille Lacs,91,91,0,0,0,0,0,45,44,38,0,0,91,0,0,0
Minnesota,Olmsted,182,151,31,0,0,0,0,100,55,38,0,0,109,0,73,0
Minnesota,Ramsey,182,162,20,0,0,0,0,72,52,32,0,0,0,0,167,15
Minnesota,Saint Louis,242,222,19,1,0,0,0,104,49,38,0,1,177,0,61,3
Minnesota,Scott,182,168,14,0,0,0,0,71,48,34,0,0,126,0,56,0
Minnesota,Stearns,182,165,17,0,0,0,0,80,50,37,0,0,106,0,76,0
Minnesota,Washington,182,177,5,0,0,0,0,77,44,23,0,0,93,89,0,0
Minnesota,Winona,20,19,1,0,0,0,0,52,40,21,0,0,0,0,20,0
Minnesota,Wright,173,155,18,0,0,0,0,77,51,36,0,0,100,0,73,0
Mississippi,Bolivar,274,224,50,0,0,0,0,85,55,40,0,0,135,0,139,0
Mississippi,DeSoto,273,229,44,0,0,0,0,100,54,38,0,0,128,0,145,0
Mississippi,Forrest,274,219,55,0,0,0,0,97,58,34,0,0,0,0,274,0
Mississippi,Hancock,266,226,40,0,0,0,0,84,53,37,0,0,126,0,140,0
Mississippi,Harrison,267,197,69,1,0,0,0,101,61,42,0,0,98,0,169,0
Mississippi,Hinds,285,203,81,1,0,0,0,114,60,43,1,2,87,0,195,0
Mississippi,Jackson,271,220,51,0,0,0,0,84,56,40,0,2,130,0,139,0
Mississippi,Lauderdale,209,209,0,0,0,0,0,50,43,32,0,0,209,0,0,0
Mississippi,Lee,205,204,1,0,0,0,0,54,45,36,0,0,205,0,0,0
Mississippi,Yalobusha,227,224,3,0,0,0,0,51,44,33,0,0,227,0,0,0
Missouri,Andrew,153,134,19,0,0,0,0,77,51,40,0,0,153,0,0,0
Missouri,Boone,153,144,9,0,0,0,0,93,45,36,0,0,153,0,0,0
Missouri,Buchanan,212,180,31,1,0,0,0,126,53,31,0,0,0,0,175,37
Missouri,Callaway,153,142,11,0,0,0,0,87,46,38,0,0,153,0,0,0
Missouri,Cass,211,190,19,2,0,0,0,105,50,39,0,0,133,0,78,0
Missouri,Cedar,199,177,22,0,0,0,0,99,51,39,0,0,130,0,69,0
Missouri,Clay,213,182,30,1,0,0,0,101,61,38,0,0,138,0,75,0
Missouri,Clinton,153,138,15,0,0,0,0,87,50,40,0,0,153,0,0,0
Missouri,Franklin,182,179,3,0,0,0,0,94,21,1,0,0,0,182,0,0
Missouri,Greene,213,189,23,1,0,0,0,116,51,38,0,0,114,0,98,1
Missouri,Iron,213,194,19,0,0,0,0,97,49,19,0,0,0,213,0,0
Missouri,Jackson,214,156,55,2,1,0,0,157,59,39,1,19,0,0,164,30
Missouri,Jasper,213,186,27,0,0,0,0,82,51,38,0,0,136,0,0,77
Missouri,Jefferson,213,182,29,2,0,0,0,141,56,41,0,0,110,2,98,3
Missouri,Lincoln,153,138,14,1,0,0,0,108,49,39,0,0,153,0,0,0
Missouri,Monroe,213,207,6,0,0,0,0,84,44,33,0,0,210,0,0,3
Missouri,New Madrid,182,22,38,77,45,0,0,200,169,119,0,0,0,182,0,0
Missouri,Perry,153,139,14,0,0,0,0,97,50,40,0,0,153,0,0,0
Missouri,Saint Charles,213,187,23,3,0,0,0,112,54,37,0,0,150,63,0,0
Missouri,Saint Louis,213,165,42,6,0,0,0,144,67,42,0,7,130,0,76,0
Missouri,Sainte Genevieve,153,138,15,0,0,0,0,87,50,38,0,0,153,0,0,0
Missouri,St. Louis City,214,142,68,3,1,0,0,155,64,45,1,7,93,0,101,12
Missouri,Stoddard,18,18,0,0,0,0,0,34,25,17,0,0,0,0,18,0
Missouri,Taney,20,20,0,0,0,0,0,24,20,13,0,0,0,0,20,0
Montana,Cascade,207,205,2,0,0,0,0,62,31,18,0,0,0,0,207,0
Montana,Fergus,213,210,3,0,0,0,0,71,45,39,0,0,204,0,9,0
Montana,Flathead,244,229,15,0,0,0,0,91,47,35,0,0,204,0,17,23
Montana,Gallatin,245,237,4,4,0,0,0,131,31,16,4,10,0,0,231,0
Montana,Lake,20,20,0,0,0,0,0,8,5,1,0,0,0,0,20,0
Montana,Lewis and Clark,214,198,16,0,0,0,0,67,49,41,1,0,190,0,23,0
Montana,Lincoln,213,141,71,1,0,0,0,107,66,33,0,0,0,0,206,7
Montana,Missoula,213,159,53,1,0,0,0,105,66,42,0,0,127,0,86,0
Montana,Phillips,213,204,8,1,0,0,0,104,44,35,0,0,191,0,8,14
Montana,Powder River,198,174,24,0,0,0,0,84,51,40,0,0,155,0,33,10
Montana,Powell,19,19,0,0,0,0,0,11,7,3,0,0,0,0,19,0
Montana,Ravalli,213,210,3,0,0,0,0,57,21,8,0,0,0,0,213,0
Montana,Richland,213,210,3,0,0,0,0,64,46,38,0,0,203,0,10,0
Montana,Roosevelt,19,19,0,0,0,0,0,20,15,7,0,0,0,0,19,0
Montana,Rosebud,190,188,2,0,0,0,0,55,45,39,0,0,184,0,5,1
Montana,Sanders,213,212,1,0,0,0,0,52,33,19,0,0,0,0,203,10
Montana,Sheridan,20,20,0,0,0,0,0,25,13,7,0,0,0,0,20,0
Montana,Silver Bow,213,206,7,0,0,0,0,85,35,15,0,0,0,0,92,121
Montana,Yellowstone,213,206,6,0,1,0,0,160,37,20,0,0,0,5,208,0
Nebraska,Cass,301,295,6,0,0,0,0,57,29,14,0,0,0,0,0,301
Nebraska,Douglas,275,238,35,1,1,0,0,156,54,37,1,0,158,13,94,9
Nebraska,Hall,285,263,22,0,0,0,0,85,44,19,0,0,0,0,285,0
Nebraska,Knox,243,221,22,0,0,0,0,84,50,38,0,0,243,0,0,0
Nebraska,Lancaster,244,237,7,0,0,0,0,74,45,32,0,0,171,44,29,0
Nebraska,Sarpy,237,205,30,2,0,0,0,149,52,30,0,0,0,0,237,0
Nebraska,Scotts Bluff,209,155,52,2,0,0,0,122,59,38,0,0,0,0,209,0
Nebraska,Thomas,20,20,0,0,0,0,0,23,23,7,0,0,0,0,20,0
Nebraska,Washington,83,79,4,0,0,0,0,66,42,22,0,0,0,0,83,0
Nevada,Carson City,182,171,11,0,0,0,0,100,48,40,0,0,151,0,31,0
Nevada,Churchill,179,170,9,0,0,0,0,90,47,41,0,0,179,0,0,0
Nevada,Clark,275,93,163,17,2,0,0,174,93,58,1,13,203,0,53,5
Nevada,Douglas,182,179,3,0,0,0,0,55,28,12,0,0,0,0,182,0
Nevada,Elko,179,177,2,0,0,0,0,86,25,13,0,0,0,0,0,179
Nevada,Lyon,179,175,4,0,0,0,0,87,46,38,0,0,178,0,0,1
Nevada,Nye,182,176,6,0,0,0,0,97,29,15,0,0,0,0,0,182
Nevada,Washoe,245,177,57,6,5,0,0,163,74,45,1,3,209,0,30,2
Nevada,White Pine,240,184,53,3,0,0,0,136,67,45,0,0,240,0,0,0
New Hampshire,Belknap,177,176,1,0,0,0,0,61,44,36,0,0,118,0,59,0
New Hampshire,Cheshire,182,172,10,0,0,0,0,66,45,37,0,0,147,0,35,0
New Hampshire,Coos,182,157,25,0,0,0,0,74,54,45,0,0,182,0,0,0
New Hampshire,Grafton,244,242,2,0,0,0,0,57,42,35,0,0,232,0,12,0
New Hampshire,Hillsborough,183,179,4,0,0,0,0,74,46,40,1,0,182,0,0,0
New Hampshire,Merrimack,182,180,2,0,0,0,0,71,44,37,0,0,121,61,0,0
New Hampshire,Rockingham,183,163,20,0,0,0,0,67,51,40,1,0,153,0,29,0
New Jersey,Atlantic,182,174,8,0,0,0,0,90,44,34,0,0,147,1,34,0
New Jersey,Bergen,183,154,29,0,0,0,0,84,55,39,1,30,99,0,53,0
New Jersey,Camden,183,161,22,0,0,0,0,83,53,39,1,5,122,0,55,0
New Jersey,Cumberland,182,166,16,0,0,0,0,71,50,40,0,0,125,0,57,0
New Jersey,Essex,183,157,26,0,0,0,0,84,54,39,2,34,92,0,55,0
New Jersey,Gloucester,99,93,6,0,0,0,0,93,48,40,0,0,99,0,0,0
New Jersey,Hudson,182,164,18,0,0,0,0,83,50,38,0,43,102,1,36,0
New Jersey,Hunterdon,182,166,16,0,0,0,0,77,50,38,0,0,136,0,46,0
New Jersey,Mercer,242,211,30,1,0,0,0,112,53,39,0,0,202,0,40,0
New Jersey,Middlesex,181,164,16,1,0,0,0,112,49,38,0,6,124,0,51,0
New Jersey,Monmouth,122,115,7,0,0,0,0,67,46,38,0,0,122,0,0,0
New Jersey,Morris,182,174,8,0,0,0,0,84,45,37,0,6,176,0,0,0
New Jersey,Ocean,122,118,4,0,0,0,0,80,46,39,0,0,118,0,4,0
New Jersey,Passaic,122,118,4,0,0,0,0,100,46,39,0,0,122,0,0,0
New Jersey,Union,183,163,20,0,0,0,0,80,51,35,3,76,0,0,104,0
New Jersey,Warren,182,166,16,0,0,0,0,90,49,35,0,15,121,0,46,0
New Mexico,Bernalillo,183,103,80,0,0,0,0,99,65,50,1,0,126,0,26,30
New Mexico,Catron,20,20,0,0,0,0,0,9,9,4,0,0,0,0,20,0
New Mexico,Chaves,20,20,0,0,0,0,0,40,26,10,0,0,0,0,20,0
New Mexico,Dona Ana,274,171,92,8,1,1,1,346,73,48,0,4,142,0,49,79
New Mexico,Eddy,240,162,73,5,0,0,0,115,71,47,0,0,239,0,1,0
New Mexico,Lea,182,174,8,0,0,0,0,67,48,39,0,4,170,0,8,0
New Mexico,Lincoln,17,17,0,0,0,0,0,15,13,4,0,0,0,0,17,0
New Mexico,Los Alamos,20,20,0,0,0,0,0,13,11,5,0,0,0,0,20,0
New Mexico,Luna,262,249,12,0,0,0,1,360,38,19,0,0,0,0,0,262
New Mexico,Rio Arriba,179,153,26,0,0,0,0,77,58,44,0,0,179,0,0,0
New Mexico,San Juan,274,209,65,0,0,0,0,100,61,45,0,0,244,0,0,30
New Mexico,Sandoval,180,137,43,0,0,0,0,100,58,45,0,0,180,0,0,0
New Mexico,Santa Fe,272,225,47,0,0,0,0,90,58,42,0,0,178,0,94,0
New Mexico,Socorro,20,20,0,0,0,0,0,12,10,6,0,0,0,0,20,0
New Mexico,Taos,181,172,9,0,0,0,0,64,37,20,0,0,0,0,181,0
New Mexico,Valencia,176,146,30,0,0,0,0,93,54,45,0,0,176,0,0,0
New York,Albany,274,241,33,0,0,0,0,75,52,38,1,0,161,0,112,0
New York,Bronx,275,214,60,1,0,0,0,108,61,41,1,22,158,0,94,0
New York,Chautauqua,272,249,23,0,0,0,0,93,49,38,0,0,264,0,8,0
New York,Dutchess,274,265,9,0,0,0,0,87,46,36,0,0,240,34,0,0
New York,Erie,275,236,37,0,2,0,0,155,54,38,1,6,205,1,62,0
New York,Essex,274,260,14,0,0,0,0,80,48,40,0,0,266,3,5,0
New York,Hamilton,270,267,3,0,0,0,0,54,45,37,0,0,267,3,0,0
New York,Jefferson,269,256,13,0,0,0,0,90,46,35,0,0,269,0,0,0
New York,Kings,273,256,17,0,0,0,0,65,44,20,0,0,0,0,273,0
New York,Monroe,275,242,33,0,0,0,0,80,53,36,1,0,210,0,64,0
New York,Nassau,272,264,8,0,0,0,0,66,38,19,0,0,0,12,260,0
New York,New York,275,232,42,1,0,0,0,108,58,38,3,0,199,0,73,0
New York,Niagara,270,252,18,0,0,0,0,87,48,35,0,0,270,0,0,0
New York,Oneida,272,263,9,0,0,0,0,78,34,14,0,0,0,0,272,0
New York,Onondaga,272,249,23,0,0,0,0,74,49,37,0,0,222,0,50,0
New York,Orange,274,259,15,0,0,0,0,97,47,37,0,0,202,0,72,0
New York,Oswego,269,259,10,0,0,0,0,58,45,35,0,0,269,0,0,0
New York,Putnam,268,262,6,0,0,0,0,64,46,35,0,0,229,39,0,0
New York,Queens,275,221,51,3,0,0,0,140,64,40,1,40,184,0,50,0
New York,Richmond,272,238,32,2,0,0,0,108,52,36,0,0,190,0,82,0
New York,Rockland,274,255,19,0,0,0,0,93,48,35,0,0,236,0,38,0
New York,Saratoga,228,224,4,0,0,0,0,61,44,36,0,0,228,0,0,0
New York,St. Lawrence,274,216,44,14,0,0,0,118,75,16,0,0,0,274,0,0
New York,Steuben,275,268,7,0,0,0,0,77,44,36,1,0,215,0,59,0
New York,Suffolk,274,225,43,6,0,0,0,133,64,40,0,0,227,0,47,0
New York,Tompkins,242,239,3,0,0,0,0,58,44,36,0,0,242,0,0,0
New York,Wayne,237,217,20,0,0,0,0,80,48,36,0,0,237,0,0,0
New York,Westchester,272,242,29,1,0,0,0,105,51,37,0,0,221,0,51,0
North Carolina,Alexander,269,266,3,0,0,0,0,54,45,33,0,0,212,0,0,57
North Carolina,Avery,274,261,13,0,0,0,0,80,47,38,0,0,273,0,1,0
North Carolina,Beaufort,259,259,0,0,0,0,0,34,7,0,0,0,0,259,0,0
North Carolina,Brunswick,252,242,10,0,0,0,0,100,27,0,0,0,0,252,0,0
North Carolina,Buncombe,274,266,8,0,0,0,0,97,46,32,0,0,194,7,73,0
North Carolina,Caldwell,271,271,0,0,0,0,0,50,44,31,0,0,212,59,0,0
North Carolina,Carteret,240,237,3,0,0,0,0,61,44,36,0,0,240,0,0,0
North Carolina,Caswell,269,264,5,0,0,0,0,61,46,34,0,0,210,0,0,59
North Carolina,Catawba,239,216,23,0,0,0,0,94,50,30,0,0,0,0,239,0
North Carolina,Cumberland,273,250,23,0,0,0,0,81,49,36,0,0,174,0,96,3
North Carolina,Davidson,210,183,27,0,0,0,0,95,52,30,0,0,0,0,210,0
North Carolina,Durham,273,258,15,0,0,0,0,97,46,35,0,0,166,0,106,1
North Carolina,Edgecombe,261,247,14,0,0,0,0,94,47,35,0,0,166,0,95,0
North Carolina,Forsyth,244,204,40,0,0,0,0,97,54,40,0,5,147,0,92,0
North Carolina,Graham,211,196,15,0,0,0,0,97,49,40,0,0,211,0,0,0
North Carolina,Granville,207,206,1,0,0,0,0,51,46,37,0,0,207,0,0,0
North Carolina,Guilford,274,259,15,0,0,0,0,87,49,38,0,0,183,0,88,3
North Carolina,Haywood,274,248,26,0,0,0,0,93,50,40,0,0,213,45,16,0
North Carolina,Hyde,18,18,0,0,0,0,0,32,21,14,0,0,0,0,18,0
North Carolina,Jackson,20,20,0,0,0,0,0,38,38,21,0,0,0,0,20,0
North Carolina,Johnston,251,236,15,0,0,0,0,72,49,38,0,0,167,0,84,0
North Carolina,Lenoir,207,201,6,0,0,0,0,58,46,36,0,0,207,0,0,0
North Carolina,Lincoln,214,212,2,0,0,0,0,71,45,36,0,0,214,0,0,0
North Carolina,Macon,238,236,2,0,0,0,0,64,44,31,0,0,238,0,0,0
North Carolina,Martin,271,271,0,0,0,0,0,49,41,31,0,0,209,62,0,0
North Carolina,Mecklenburg,306,259,45,2,0,0,0,112,54,40,1,0,190,0,115,0
North Carolina,Mitchell,235,228,6,1,0,0,0,103,37,20,0,0,0,0,235,0
North Carolina,Montgomery,244,231,13,0,0,0,0,83,47,36,0,0,151,0,93,0
North Carolina,New Hanover,265,255,10,0,0,0,0,74,45,32,0,0,198,0,67,0
North Carolina,Northampton,267,257,10,0,0,0,0,88,42,22,0,40,0,0,227,0
North Carolina,Person,272,268,4,0,0,0,0,74,44,32,0,0,203,69,0,0
North Carolina,Pitt,271,255,16,0,0,0,0,95,48,35,0,0,180,0,91,0
North Carolina,Rockingham,213,208,5,0,0,0,0,54,48,37,0,0,212,1,0,0
North Carolina,Rowan,273,246,27,0,0,0,0,88,50,40,0,0,211,0,62,0
North Carolina,Swain,274,267,6,1,0,0,0,119,46,32,0,0,184,0,90,0
North Carolina,Union,210,210,0,0,0,0,0,50,44,32,0,0,210,0,0,0
North Carolina,Wake,274,219,54,1,0,0,0,101,56,39,2,2,155,0,115,0
North Carolina,Yancey,213,175,37,1,0,0,0,105,58,45,0,0,213,0,0,0
North Dakota,Billings,273,267,6,0,0,0,0,57,45,36,0,0,254,0,19,0
North Dakota,Burke,273,265,8,0,0,0,0,69,46,35,0,0,230,2,36,5
North Dakota,Burleigh,274,251,23,0,0,0,0,74,48,34,0,2,183,0,85,4
North Dakota,Cass,271,257,14,0,0,0,0,80,44,34,0,7,223,0,41,0
North Dakota,Dunn,274,270,4,0,0,0,0,58,44,35,0,0,260,0,14,0
North Dakota,McKenzie,271,265,6,0,0,0,0,62,44,36,0,0,255,1,15,0
North Dakota,Mercer,270,258,11,1,0,0,0,120,46,36,0,0,212,12,46,0
North Dakota,Oliver,274,260,14,0,0,0,0,74,47,37,0,0,242,0,30,2
North Dakota,Ward,274,267,7,0,0,0,0,69,44,35,0,0,251,0,23,0
North Dakota,Williams,182,182,0,0,0,0,0,20,6,1,0,0,0,182,0,0
Ohio,Adams,273,255,18,0,0,0,0,81,47,28,0,0,0,34,239,0
Ohio,Allen,268,234,33,1,0,0,0,105,54,38,0,0,200,1,67,0
Ohio,Ashtabula,274,257,17,0,0,0,0,93,46,35,0,0,211,63,0,0
Ohio,Athens,51,49,2,0,0,0,0,55,44,25,0,0,0,0,51,0
Ohio,Belmont,274,266,8,0,0,0,0,66,29,11,0,221,0,0,45,8
Ohio,Butler,274,222,49,3,0,0,0,126,62,41,0,0,231,6,36,1
Ohio,Clark,274,224,49,1,0,0,0,108,58,40,0,0,183,22,69,0
Ohio,Clermont,274,241,33,0,0,0,0,100,54,37,0,0,189,0,85,0
Ohio,Clinton,198,174,24,0,0,0,0,97,54,40,0,0,198,0,0,0
Ohio,Columbiana,273,273,0,0,0,0,0,31,4,3,0,0,0,245,0,28
Ohio,Cuyahoga,275,172,95,7,1,0,0,152,68,46,1,1,139,2,131,1
Ohio,Delaware,213,191,21,1,0,0,0,101,51,39,0,0,213,0,0,0
Ohio,Fayette,238,216,22,0,0,0,0,80,50,37,0,0,238,0,0,0
Ohio,Franklin,275,225,49,1,0,0,0,101,60,41,1,5,178,0,91,0
Ohio,Gallia,274,251,20,3,0,0,0,116,47,9,0,0,0,274,0,0
Ohio,Geauga,214,183,31,0,0,0,0,100,64,42,0,0,214,0,0,0
Ohio,Greene,214,189,25,0,0,0,0,93,54,41,0,0,214,0,0,0
Ohio,Hamilton,275,165,104,6,0,0,0,126,70,48,1,11,117,0,146,0
Ohio,Harrison,227,227,0,0,0,0,0,46,17,0,202,0,0,0,20,5
Ohio,Jefferson,274,223,50,1,0,0,0,112,58,39,0,0,178,1,95,0
Ohio,Knox,214,195,19,0,0,0,0,80,50,39,0,0,214,0,0,0
Ohio,Lake,274,229,35,10,0,0,0,140,61,39,0,0,189,7,76,2
Ohio,Lawrence,274,255,19,0,0,0,0,77,47,36,0,0,180,0,94,0
Ohio,Licking,214,199,15,0,0,0,0,77,49,39,0,0,214,0,0,0
Ohio,Lorain,270,241,28,0,1,0,0,154,51,36,0,0,169,0,101,0
Ohio,Lucas,274,220,46,8,0,0,0,136,71,40,0,0,183,7,84,0
Ohio,Madison,214,189,25,0,0,0,0,84,51,40,0,0,214,0,0,0
Ohio,Mahoning,274,240,33,1,0,0,0,142,55,39,0,0,155,0,119,0
Ohio,Medina,274,244,30,0,0,0,0,93,51,36,0,0,163,0,111,0
Ohio,Miami,198,186,12,0,0,0,0,93,49,40,0,0,198,0,0,0
Ohio,Montgomery,272,196,72,4,0,0,0,112,64,44,0,0,153,0,118,1
Ohio,Morgan,261,261,0,0,0,0,0,23,7,0,0,0,0,261,0,0
Ohio,Noble,234,213,21,0,0,0,0,87,49,39,0,0,232,0,2,0
Ohio,Portage,232,199,32,1,0,0,0,101,59,41,0,0,211,0,21,0
Ohio,Preble,275,237,37,1,0,0,0,101,54,39,1,0,195,0,79,0
Ohio,Scioto,274,272,2,0,0,0,0,53,29,14,0,0,0,7,66,201
Ohio,Stark,274,194,77,3,0,0,0,119,64,43,0,0,156,0,118,0
Ohio,Summit,274,208,64,2,0,0,0,107,61,40,0,0,117,0,157,0
Ohio,Trumbull,270,240,27,2,1,0,0,153,51,39,0,0,199,0,71,0
Ohio,Warren,274,214,56,4,0,0,0,115,61,42,0,0,186,0,88,0
Ohio,Washington,214,202,11,1,0,0,0,108,49,39,0,0,214,0,0,0
Ohio,Wood,198,185,13,0,0,0,0,80,47,35,0,0,198,0,0,0
Oklahoma,Adair,180,168,11,0,1,0,0,151,48,33,2,0,106,0,65,7
Oklahoma,Canadian,270,246,24,0,0,0,0,84,50,37,0,0,270,0,0,0
Oklahoma,Carter,271,178,92,1,0,0,0,147,64,44,0,0,133,0,138,0
Oklahoma,Cleveland,272,189,81,2,0,0,0,121,65,43,0,0,146,0,126,0
Oklahoma,Comanche,272,221,50,1,0,0,0,107,58,43,0,0,170,0,102,0
Oklahoma,Creek,272,261,11,0,0,0,0,93,47,37,0,0,272,0,0,0
Oklahoma,Dewey,271,220,51,0,0,0,0,99,58,41,0,0,180,0,91,0
Oklahoma,Garfield,269,268,1,0,0,0,0,51,11,0,0,0,0,269,0,0
Oklahoma,Grant,16,16,0,0,0,0,0,33,27,16,0,0,0,0,16,0
Oklahoma,Johnston,227,210,17,0,0,0,0,97,49,39,0,0,227,0,0,0
Oklahoma,Kay,279,226,51,2,0,0,0,113,55,39,0,0,123,1,155,0
Oklahoma,Mayes,222,221,1,0,0,0,0,51,44,19,0,0,109,113,0,0
Oklahoma,Muskogee,230,230,0,0,0,0,0,27,6,0,0,0,0,230,0,0
Oklahoma,Oklahoma,275,168,103,4,0,0,0,112,70,46,1,8,134,0,130,2
Oklahoma,Osage,258,233,25,0,0,0,0,90,50,39,0,0,258,0,0,0
Oklahoma,Ottawa,168,147,19,1,1,0,0,154,56,34,0,0,67,0,80,21
Oklahoma,Pittsburg,273,221,51,1,0,0,0,141,56,40,0,0,157,0,116,0
Oklahoma,Sequoyah,211,194,16,1,0,0,0,141,49,34,0,11,107,0,93,0
Oklahoma,Tulsa,275,212,61,2,0,0,0,129,59,42,1,0,171,0,101,2
Oklahoma,Washington,251,215,35,1,0,0,0,101,57,41,0,0,180,0,71,0
Oregon,Baker,182,178,4,0,0,0,0,66,39,20,0,0,0,0,182,0
Oregon,Benton,182,181,1,0,0,0,0,52,28,15,0,0,0,0,182,0
Oregon,Clackamas,80,79,0,1,0,0,0,112,42,29,0,0,61,0,19,0
Oregon,Columbia,152,151,1,0,0,0,0,55,36,23,0,0,61,0,91,0
Oregon,Crook,129,122,7,0,0,0,0,61,43,21,0,0,0,0,129,0
Oregon,Deschutes,182,182,0,0,0,0,0,33,23,13,0,0,0,0,182,0
Oregon,Douglas,91,86,5,0,0,0,0,57,43,24,0,0,0,0,91,0
Oregon,Grant,91,52,39,0,0,0,0,79,62,49,0,0,0,0,91,0
Oregon,Harney,100,63,37,0,0,0,0,94,67,41,0,0,0,0,100,0
Oregon,Jackson,192,173,19,0,0,0,0,65,50,33,0,0,61,0,131,0
Oregon,Jefferson,89,79,10,0,0,0,0,72,52,22,0,0,0,0,89,0
Oregon,Josephine,187,167,20,0,0,0,0,89,52,20,0,0,0,0,187,0
Oregon,Klamath,111,67,44,0,0,0,0,98,73,38,0,0,0,0,111,0
Oregon,Lake,129,117,12,0,0,0,0,66,50,19,0,0,0,0,129,0
Oregon,Lane,274,211,51,2,0,2,8,550,66,36,0,0,104,0,165,5
Oregon,Linn,182,161,21,0,0,0,0,70,51,19,0,0,0,0,182,0
Oregon,Marion,152,143,9,0,0,0,0,77,46,28,0,0,61,0,91,0
Oregon,Multnomah,193,175,16,2,0,0,0,111,46,31,1,20,120,0,52,0
Oregon,Umatilla,152,145,7,0,0,0,0,66,45,31,0,0,61,0,91,0
Oregon,Union,106,106,0,0,0,0,0,46,28,17,0,0,0,0,89,17
Oregon,Wallowa,182,180,2,0,0,0,0,58,30,16,0,0,0,0,182,0
Oregon,Wasco,91,82,9,0,0,0,0,72,40,19,0,0,0,0,91,0
Oregon,Washington,193,183,10,0,0,0,0,64,43,28,1,23,101,0,68,0
Pennsylvania,Adams,245,210,35,0,0,0,0,74,54,41,1,0,207,0,37,0
Pennsylvania,Allegheny,275,165,103,7,0,0,0,122,77,47,1,0,141,9,123,1
Pennsylvania,Armstrong,243,211,30,2,0,0,0,115,53,39,0,0,138,0,105,0
Pennsylvania,Beaver,244,191,52,1,0,0,0,142,58,42,0,0,143,0,101,0
Pennsylvania,Berks,244,190,54,0,0,0,0,97,58,40,0,0,144,0,100,0
Pennsylvania,Blair,239,206,33,0,0,0,0,85,54,40,0,0,155,1,83,0
Pennsylvania,Bradford,241,230,11,0,0,0,0,73,47,38,0,0,162,0,79,0
Pennsylvania,Bucks,207,192,12,3,0,0,0,112,48,37,0,0,207,0,0,0
Pennsylvania,Cambria,245,210,35,0,0,0,0,89,54,37,1,1,113,0,130,0
Pennsylvania,Centre,244,217,27,0,0,0,0,88,51,41,0,0,198,0,46,0
Pennsylvania,Chester,229,189,40,0,0,0,0,87,54,41,0,0,137,0,92,0
Pennsylvania,Clearfield,203,201,2,0,0,0,0,54,42,34,0,0,203,0,0,0
Pennsylvania,Cumberland,241,198,43,0,0,0,0,98,54,33,0,0,0,0,241,0
Pennsylvania,Dauphin,244,188,56,0,0,0,0,96,62,40,0,0,138,0,98,8
Pennsylvania,Delaware,244,163,79,2,0,0,0,129,64,44,0,1,86,0,157,0
Pennsylvania,Elk,238,236,2,0,0,0,0,67,45,36,0,0,238,0,0,0
Pennsylvania,Erie,245,224,21,0,0,0,0,82,47,35,3,0,160,0,82,0
Pennsylvania,Fayette,241,218,23,0,0,0,0,77,50,37,0,0,147,0,94,0
Pennsylvania,Franklin,210,210,0,0,0,0,0,47,42,34,0,0,210,0,0,0
Pennsylvania,Greene,237,218,18,1,0,0,0,101,49,38,0,0,163,0,74,0
Pennsylvania,Indiana,237,224,12,1,0,0,0,112,47,36,0,0,201,36,0,0
Pennsylvania,Lackawanna,245,227,18,0,0,0,0,69,49,39,1,10,160,0,74,0
Pennsylvania,Lancaster,244,179,63,2,0,0,0,105,60,42,0,0,116,0,126,2
Pennsylvania,Lawrence,210,204,6,0,0,0,0,93,44,32,0,0,210,0,0,0
Pennsylvania,Lebanon,42,34,8,0,0,0,0,79,58,30,0,0,2,0,40,0
Pennsylvania,Lehigh,236,206,30,0,0,0,0,93,52,39,0,0,149,0,87,0
Pennsylvania,Luzerne,235,235,0,0,0,0,0,50,43,33,0,0,182,0,0,53
Pennsylvania,Lycoming,244,221,23,0,0,0,0,77,50,37,0,0,156,0,88,0
Pennsylvania,Mercer,244,213,30,1,0,0,0,105,54,40,0,0,190,0,54,0
Pennsylvania,Monroe,208,206,2,0,0,0,0,80,45,37,0,0,208,0,0,0
Pennsylvania,Montgomery,242,217,25,0,0,0,0,90,51,37,0,0,148,0,94,0
Pennsylvania,Northampton,239,213,26,0,0,0,0,93,52,37,0,5,154,1,79,0
Pennsylvania,Philadelphia,183,146,36,1,0,0,0,101,56,42,1,20,94,0,68,0
Pennsylvania,Somerset,244,236,8,0,0,0,0,71,46,37,0,0,244,0,0,0
Pennsylvania,Susquehanna,244,238,6,0,0,0,0,61,39,23,0,0,0,0,244,0
Pennsylvania,Tioga,240,228,12,0,0,0,0,79,47,38,0,0,174,0,66,0
Pennsylvania,Warren,242,241,1,0,0,0,0,65,23,9,0,0,0,242,0,0
Pennsylvania,Washington,244,205,39,0,0,0,0,100,57,42,0,1,152,0,91,0
Pennsylvania,Westmoreland,239,223,16,0,0,0,0,74,49,36,0,0,171,0,68,0
Pennsylvania,Wyoming,242,232,10,0,0,0,0,68,42,25,0,0,0,0,242,0
Pennsylvania,York,244,201,43,0,0,0,0,96,55,40,0,13,126,0,105,0
Puerto Rico,Adjuntas,18,18,0,0,0,0,0,37,32,12,0,0,0,0,18,0
Puerto Rico,Bayamon,205,202,3,0,0,0,0,95,35,18,117,0,53,21,14,0
Puerto Rico,Caguas,169,168,1,0,0,0,0,55,17,9,51,101,0,0,17,0
Puerto Rico,Catano,223,216,4,2,0,0,1,336,31,18,0,0,163,18,0,42
Puerto Rico,Fajardo,17,16,1,0,0,0,0,54,34,20,0,0,0,0,17,0
Puerto Rico,Guayama,18,17,1,0,0,0,0,57,40,18,0,0,0,0,18,0
Puerto Rico,Guaynabo,38,36,2,0,0,0,0,72,40,24,1,19,0,0,18,0
Puerto Rico,Juncos,272,262,4,5,1,0,0,174,17,10,0,0,272,0,0,0
Puerto Rico,Mayagnez,210,152,20,2,11,16,9,396,248,26,0,0,69,0,141,0
Puerto Rico,Ponce,232,217,15,0,0,0,0,81,42,17,64,0,0,0,9,159
Puerto Rico,San Juan,91,91,0,0,0,0,0,39,35,2,91,0,0,0,0,0
Rhode Island,Kent,266,247,18,1,0,0,0,133,48,36,0,0,190,0,76,0
Rhode Island,Providence,275,234,39,2,0,0,0,112,52,41,1,9,176,0,89,0
Rhode Island,Washington,274,248,24,1,1,0,0,154,50,38,0,0,210,0,64,0
South Carolina,Aiken,220,219,1,0,0,0,0,71,44,33,0,0,220,0,0,0
South Carolina,Anderson,265,257,8,0,0,0,0,71,46,35,0,0,265,0,0,0
South Carolina,Berkeley,185,184,1,0,0,0,0,51,44,31,0,0,185,0,0,0
South Carolina,Charleston,274,250,23,1,0,0,0,117,50,35,0,2,116,0,156,0
South Carolina,Chesterfield,271,251,20,0,0,0,0,89,49,36,0,0,209,0,62,0
South Carolina,Darlington,220,220,0,0,0,0,0,49,43,33,0,0,220,0,0,0
South Carolina,Edgefield,274,260,13,1,0,0,0,115,48,35,0,0,178,0,96,0
South Carolina,Florence,265,253,12,0,0,0,0,95,41,28,0,0,0,0,265,0
South Carolina,Greenville,274,227,46,1,0,0,0,116,54,39,0,1,175,0,98,0
South Carolina,Horry,181,181,0,0,0,0,0,50,44,33,0,0,181,0,0,0
South Carolina,Lexington,273,255,17,1,0,0,0,111,46,28,0,0,0,0,258,15
South Carolina,Oconee,20,20,0,0,0,0,0,0,0,0,0,0,0,20,0,0
South Carolina,Richland,275,249,25,1,0,0,0,117,50,37,1,4,187,0,83,0
South Carolina,Spartanburg,274,235,37,2,0,0,0,112,52,40,0,0,158,0,116,0
South Carolina,York,274,260,14,0,0,0,0,92,47,35,0,0,201,1,72,0
South Dakota,Brookings,182,161,21,0,0,0,0,87,54,39,0,0,168,0,12,2
South Dakota,Brown,180,166,14,0,0,0,0,61,48,23,0,0,0,0,142,38
South Dakota,Codington,182,167,15,0,0,0,0,88,47,36,0,0,106,0,61,15
South Dakota,Custer,181,174,7,0,0,0,0,71,47,41,0,0,178,0,2,1
South Dakota,Hughes,178,176,2,0,0,0,0,76,28,15,0,0,0,0,178,0
South Dakota,Jackson,182,175,7,0,0,0,0,71,47,40,0,0,170,0,9,3
South Dakota,Meade,180,177,3,0,0,0,0,58,46,38,0,0,179,0,0,1
South Dakota,Minnehaha,183,163,20,0,0,0,0,90,54,35,1,2,130,0,50,0
South Dakota,Pennington,182,163,19,0,0,0,0,81,51,26,0,29,0,1,62,90
South Dakota,Union,182,161,20,1,0,0,0,141,54,38,0,0,152,0,26,4
Tennessee,Anderson,122,118,4,0,0,0,0,58,48,38,0,0,122,0,0,0
Tennessee,Blount,245,219,26,0,0,0,0,92,51,39,1,0,223,0,21,0
Tennessee,Claiborne,228,226,2,0,0,0,0,51,46,34,0,0,228,0,0,0
Tennessee,Davidson,182,153,29,0,0,0,0,77,56,40,0,14,73,0,95,0
Tennessee,DeKalb,219,215,4,0,0,0,0,58,46,35,0,0,219,0,0,0
Tennessee,Dyer,173,163,9,1,0,0,0,117,40,22,0,0,0,0,173,0
Tennessee,Hamilton,274,233,41,0,0,0,0,87,53,40,0,0,153,0,121,0
Tennessee,Jefferson,117,112,5,0,0,0,0,61,49,40,0,0,117,0,0,0
Tennessee,Knox,305,266,39,0,0,0,0,90,52,36,0,0,165,0,140,0
Tennessee,Lawrence,182,177,5,0,0,0,0,72,35,19,0,0,0,0,182,0
Tennessee,Loudon,182,169,13,0,0,0,0,88,49,32,0,0,98,0,84,0
Tennessee,Madison,176,172,3,1,0,0,0,108,35,22,0,0,0,0,176,0
Tennessee,Maury,171,168,3,0,0,0,0,91,36,19,0,0,0,0,171,0
Tennessee,McMinn,174,164,10,0,0,0,0,88,40,22,0,0,0,0,174,0
Tennessee,Montgomery,177,169,7,1,0,0,0,107,43,24,0,0,0,0,177,0
Tennessee,Putnam,180,175,4,1,0,0,0,105,37,20,0,0,0,0,180,0
Tennessee,Roane,154,149,5,0,0,0,0,91,40,23,0,0,0,0,154,0
Tennessee,Sevier,243,223,19,1,0,0,0,105,50,41,0,0,243,0,0,0
Tennessee,Shelby,183,120,63,0,0,0,0,100,64,46,1,1,82,0,99,0
Tennessee,Sullivan,182,165,15,2,0,0,0,109,50,38,0,0,100,46,36,0
Tennessee,Sumner,213,188,24,1,0,0,0,121,51,37,0,0,97,0,116,0
Tennessee,Williamson,121,112,9,0,0,0,0,71,50,41,0,0,121,0,0,0
Tennessee,Wilson,122,117,5,0,0,0,0,64,46,38,0,0,122,0,0,0
Texas,Atascosa,16,11,4,0,1,0,0,156,89,29,0,0,0,0,16,0
Texas,Bell,182,143,38,1,0,0,0,135,58,42,0,0,117,0,65,0
Texas,Bexar,183,97,82,3,1,0,0,158,77,49,1,1,94,0,87,0
Texas,Bowie,182,150,31,1,0,0,0,127,55,34,0,0,0,0,182,0
Texas,Brazoria,182,161,21,0,0,0,0,100,54,36,0,4,178,0,0,0
Texas,Brazos,123,105,18,0,0,0,0,99,52,30,0,0,0,0,123,0
Texas,Brewster,239,223,16,0,0,0,0,80,50,40,0,0,228,0,11,0
Texas,Cameron,182,106,68,5,3,0,0,176,72,45,0,0,42,0,140,0
Texas,Collin,212,183,28,1,0,0,0,108,54,39,0,0,212,0,0,0
Texas,Culberson,20,20,0,0,0,0,0,18,18,8,0,0,0,0,20,0
Texas,Dallas,214,169,41,4,0,0,0,135,64,41,1,18,148,0,47,0
Texas,Denton,213,155,54,4,0,0,0,142,71,41,0,0,163,0,50,0
Texas,Ector,197,179,18,0,0,0,0,95,49,24,0,0,0,0,197,0
Texas,El Paso,183,96,82,5,0,0,0,116,77,50,1,13,115,0,41,13
Texas,Ellis,213,168,44,1,0,0,0,125,61,39,0,0,144,0,69,0
Texas,Freestone,162,162,0,0,0,0,0,10,1,0,0,0,0,162,0,0
Texas,Galveston,182,140,40,2,0,0,0,139,61,41,0,0,146,0,36,0
Texas,Gregg,182,177,5,0,0,0,0,74,45,33,0,9,166,7,0,0
Texas,Harris,183,91,85,5,2,0,0,179,77,52,1,10,77,0,94,1
Texas,Harrison,181,162,19,0,0,0,0,100,51,37,0,0,119,7,55,0
Texas,Hidalgo,182,123,54,3,2,0,0,155,68,42,0,0,73,0,109,0
Texas,Hood,206,191,15,0,0,0,0,100,48,34,0,0,206,0,0,0
Texas,Howard,197,172,21,3,1,0,0,200,57,9,0,0,0,197,0,0
Texas,Hunt,213,201,12,0,0,0,0,87,46,34,0,0,213,0,0,0
Texas,Hutchinson,212,139,45,28,0,0,0,145,105,26,0,0,0,212,0,0
Texas,Jefferson,182,138,41,3,0,0,0,122,61,42,0,0,124,5,53,0
Texas,Johnson,196,179,15,2,0,0,0,105,50,34,0,0,196,0,0,0
Texas,Karnes,179,179,0,0,0,0,0,31,18,6,0,179,0,0,0,0
Texas,Kaufman,213,175,38,0,0,0,0,93,59,39,0,0,150,0,63,0
Texas,Kleberg,163,112,48,1,2,0,0,168,68,38,0,0,0,0,163,0
Texas,Lubbock,208,196,12,0,0,0,0,72,40,19,0,0,0,0,208,0
Texas,Maverick,165,143,21,0,1,0,0,160,54,24,0,0,0,0,165,0
Texas,McLennan,183,162,21,0,0,0,0,87,51,37,1,0,157,0,25,0
Texas,Milam,132,132,0,0,0,0,0,3,1,0,0,0,0,132,0,0
Texas,Montgomery,182,139,38,5,0,0,0,129,60,41,0,0,110,0,72,0
Texas,Navarro,213,154,53,6,0,0,0,147,68,40,0,1,101,33,78,0
Texas,Nueces,182,126,54,0,2,0,0,159,67,43,0,0,99,0,83,0
Texas,Orange,182,145,35,2,0,0,0,103,61,41,0,0,113,11,58,0
Texas,Parker,210,189,21,0,0,0,0,97,51,36,0,0,210,0,0,0
Texas,Polk,238,229,9,0,0,0,0,71,44,31,0,0,238,0,0,0
Texas,Potter,213,186,20,7,0,0,0,138,58,20,0,0,0,61,152,0
Texas,Randall,244,178,66,0,0,0,0,90,64,45,0,0,244,0,0,0
Texas,Robertson,144,144,0,0,0,0,0,20,1,0,0,0,0,144,0,0
Texas,Rockwall,213,198,15,0,0,0,0,97,46,34,0,0,213,0,0,0
Texas,Rusk,180,164,13,3,0,0,0,114,49,4,0,0,0,180,0,0
Texas,Smith,182,172,10,0,0,0,0,84,48,36,0,2,180,0,0,0
Texas,Tarrant,214,134,73,6,1,0,0,151,77,45,1,7,113,0,93,0
Texas,Titus,174,174,0,0,0,0,0,19,9,0,0,0,0,174,0,0
Texas,Travis,183,135,47,0,1,0,0,153,59,44,1,3,85,0,94,0
Texas,Victoria,146,132,14,0,0,0,0,100,49,35,0,0,146,0,0,0
Texas,Webb,183,128,52,2,1,0,0,160,67,42,1,0,91,0,91,0
Texas,Wilson,182,182,0,0,0,0,0,34,18,7,0,182,0,0,0,0
Utah,Box Elder,175,167,8,0,0,0,0,71,48,41,0,3,172,0,0,0
Utah,Cache,305,212,85,4,4,0,0,159,71,44,0,0,199,0,91,15
Utah,Carbon,289,247,42,0,0,0,0,93,54,44,0,2,287,0,0,0
Utah,Davis,305,203,89,12,1,0,0,155,77,44,0,28,209,0,68,0
Utah,Duchesne,305,221,79,5,0,0,0,125,65,46,0,0,255,0,50,0
Utah,Garfield,303,271,32,0,0,0,0,74,51,43,0,0,303,0,0,0
Utah,Iron,305,272,33,0,0,0,0,86,51,41,0,11,269,0,25,0
Utah,Salt Lake,306,159,128,17,2,0,0,194,88,50,1,34,186,1,81,3
Utah,San Juan,230,190,38,2,0,0,0,108,58,44,0,0,230,0,0,0
Utah,Tooele,305,231,69,4,1,0,0,159,67,43,0,2,247,0,56,0
Utah,Uintah,305,213,89,2,0,0,1,343,67,46,0,0,268,0,37,0
Utah,Utah,306,195,106,5,0,0,0,150,80,46,1,3,237,0,64,1
Utah,Washington,305,234,68,3,0,0,0,112,64,44,0,1,278,0,26,0
Utah,Wayne,20,20,0,0,0,0,0,10,9,4,0,0,0,0,20,0
Utah,Weber,306,208,92,6,0,0,0,140,72,45,1,21,229,0,51,4
Vermont,Bennington,182,174,8,0,0,0,0,66,46,39,0,0,164,0,18,0
Vermont,Chittenden,183,166,17,0,0,0,0,98,49,40,1,0,144,0,38,0
Vermont,Rutland,183,163,20,0,0,0,0,81,51,39,1,0,137,0,45,0
Vermont,Windham,19,19,0,0,0,0,0,18,14,7,0,0,0,0,19,0
Virgin Islands,St Croix,28,26,2,0,0,0,0,82,47,18,0,0,0,0,28,0
Virgin Islands,St John,20,20,0,0,0,0,0,41,40,15,0,0,0,0,20,0
Virginia,Albemarle,269,261,8,0,0,0,0,63,46,35,0,0,197,0,72,0
Virginia,Alexandria City,78,78,0,0,0,0,0,8,7,4,0,0,0,0,0,78
Virginia,Arlington,193,187,6,0,0,0,0,61,44,34,2,26,148,0,17,0
Virginia,Botetourt,182,179,3,0,0,0,0,69,20,3,0,0,0,182,0,0
Virginia,Bristol City,66,64,2,0,0,0,0,55,40,23,0,0,0,0,66,0
Virginia,Caroline,122,121,1,0,0,0,0,54,45,38,0,0,122,0,0,0
Virginia,Carroll,42,42,0,0,0,0,0,15,13,8,0,0,0,0,0,42
Virginia,Charles,272,270,2,0,0,0,0,67,44,32,0,47,202,0,23,0
Virginia,Chesterfield,228,226,2,0,0,0,0,61,45,34,0,0,200,0,28,0
Virginia,Covington City,91,90,1,0,0,0,0,84,33,10,0,0,0,91,0,0
Virginia,Fairfax,201,181,20,0,0,0,0,66,50,38,1,13,105,0,71,11
Virginia,Fauquier,121,121,0,0,0,0,0,46,44,36,0,0,121,0,0,0
Virginia,Frederick,232,225,7,0,0,0,0,60,44,35,0,0,191,0,41,0
Virginia,Giles,201,153,41,4,3,0,0,200,70,42,0,0,130,71,0,0
Virginia,Hampton City,186,182,4,0,0,0,0,64,44,35,5,4,106,0,68,3
Virginia,Hanover,214,212,2,0,0,0,0,64,45,35,0,0,214,0,0,0
Virginia,Henrico,276,264,12,0,0,0,0,71,46,36,2,0,219,0,54,1
Virginia,Hopewell City,41,41,0,0,0,0,0,18,15,8,0,0,0,0,0,41
Virginia,Loudoun,192,189,3,0,0,0,0,72,44,35,0,13,163,0,16,0
Virginia,Lynchburg City,65,64,1,0,0,0,0,54,36,21,0,0,0,0,65,0
Virginia,Madison,238,236,2,0,0,0,0,54,46,39,0,0,235,0,3,0
Virginia,Norfolk City,203,202,1,0,0,0,0,52,31,16,8,131,0,0,54,10
Virginia,Prince Edward,241,241,0,0,0,0,0,49,44,33,0,0,241,0,0,0
Virginia,Prince William,182,180,2,0,0,0,0,58,44,35,0,1,181,0,0,0
Virginia,Richmond City,273,268,5,0,0,0,0,71,37,24,2,166,0,0,105,0
Virginia,Roanoke,275,260,15,0,0,0,0,65,46,35,2,7,188,0,78,0
Virginia,Rockbridge,233,233,0,0,0,0,0,49,42,31,0,0,213,0,20,0
Virginia,Rockingham,272,269,3,0,0,0,0,61,44,33,0,50,200,0,22,0
Virginia,Salem City,63,61,2,0,0,0,0,66,40,22,0,0,0,0,63,0
Virginia,Stafford,193,192,1,0,0,0,0,54,44,34,0,0,177,0,0,16
Virginia,Suffolk City,121,120,1,0,0,0,0,51,45,39,0,0,121,0,0,0
Virginia,Virginia Beach City,67,65,2,0,0,0,0,57,38,23,0,0,0,0,67,0
Virginia,Winchester City,43,43,0,0,0,0,0,18,14,8,0,0,0,0,0,43
Virginia,Wythe,204,202,2,0,0,0,0,61,45,35,0,0,204,0,0,0
Washington,Adams,242,242,0,0,0,0,0,40,25,12,0,0,0,0,242,0
Washington,Asotin,244,211,32,1,0,0,0,112,53,27,0,0,0,0,244,0
Washington,Benton,243,228,15,0,0,0,0,90,47,31,0,0,106,0,95,42
Washington,Chelan,244,239,5,0,0,0,0,55,33,17,0,0,0,0,244,0
Washington,Clallam,244,241,3,0,0,0,0,59,43,31,0,0,182,0,62,0
Washington,Clark,244,230,14,0,0,0,0,64,43,23,0,0,54,0,190,0
Washington,Columbia,243,243,0,0,0,0,0,50,30,14,0,0,0,0,243,0
Washington,Cowlitz,244,243,1,0,0,0,0,53,26,14,0,0,0,0,244,0
Washington,Franklin,225,224,1,0,0,0,0,54,26,12,0,0,0,0,225,0
Washington,Garfield,244,242,2,0,0,0,0,53,29,13,0,0,0,0,244,0
Washington,Grant,244,243,1,0,0,0,0,53,28,14,0,0,0,0,244,0
Washington,Grays Harbor,244,242,2,0,0,0,0,83,28,17,0,0,0,0,244,0
Washington,Jefferson,218,218,0,0,0,0,0,38,25,17,0,0,0,0,218,0
Washington,King,245,222,21,1,1,0,0,154,50,35,1,40,130,0,74,0
Washington,Kitsap,239,236,3,0,0,0,0,71,28,16,0,0,0,0,239,0
Washington,Kittitas,243,233,10,0,0,0,0,64,34,15,0,0,0,0,243,0
Washington,Klickitat,244,242,2,0,0,0,0,59,25,16,0,0,0,0,244,0
Washington,Lewis,243,243,0,0,0,0,0,38,28,17,0,0,0,0,243,0
Washington,Mason,235,235,0,0,0,0,0,41,29,15,0,0,0,0,235,0
Washington,Okanogan,244,195,49,0,0,0,0,76,57,26,0,0,0,0,244,0
Washington,Pierce,244,218,25,1,0,0,0,103,51,40,0,9,189,0,46,0
Washington,Skagit,187,187,0,0,0,0,0,44,38,19,0,0,71,0,116,0
Washington,Snohomish,244,215,29,0,0,0,0,99,54,28,0,0,0,0,244,0
Washington,Spokane,244,237,7,0,0,0,0,64,45,32,0,0,107,0,112,25
Washington,Stevens,244,199,45,0,0,0,0,87,56,28,0,0,0,0,213,31
Washington,Thurston,244,238,6,0,0,0,0,67,40,23,0,0,109,0,135,0
Washington,Walla Walla,244,235,9,0,0,0,0,70,38,19,0,0,0,0,66,178
Washington,Whatcom,244,204,34,3,3,0,0,182,62,34,0,0,109,103,32,0
Washington,Whitman,244,241,3,0,0,0,0,62,28,13,0,0,0,0,244,0
Washington,Yakima,244,209,35,0,0,0,0,90,54,27,0,0,0,0,243,1
West Virginia,Berkeley,231,220,11,0,0,0,0,76,48,38,0,0,201,0,30,0
West Virginia,Brooke,274,249,25,0,0,0,0,94,48,20,0,0,0,100,87,87
West Virginia,Cabell,234,223,11,0,0,0,0,100,48,37,0,0,198,0,36,0
West Virginia,Gilmer,242,242,0,0,0,0,0,49,43,32,0,0,242,0,0,0
West Virginia,Greenbrier,203,201,2,0,0,0,0,54,45,34,0,0,203,0,0,0
West Virginia,Hancock,274,246,27,1,0,0,0,133,51,36,0,0,185,61,27,1
West Virginia,Harrison,90,84,6,0,0,0,0,78,46,26,0,0,0,0,90,0
West Virginia,Kanawha,275,257,18,0,0,0,0,84,48,37,1,0,210,0,64,0
West Virginia,Marion,58,54,4,0,0,0,0,67,50,28,0,0,0,0,58,0
West Virginia,Marshall,262,254,8,0,0,0,0,61,36,6,0,0,0,175,87,0
West Virginia,Mason,270,259,9,2,0,0,0,113,30,1,0,0,0,270,0,0
West Virginia,Mineral,134,134,0,0,0,0,0,3,1,1,0,0,0,134,0,0
West Virginia,Monongalia,270,256,14,0,0,0,0,90,48,37,0,0,196,47,27,0
West Virginia,Ohio,223,196,26,1,0,0,0,101,51,40,0,0,193,0,30,0
West Virginia,Tucker,237,235,2,0,0,0,0,51,46,37,0,0,236,0,1,0
West Virginia,Wood,274,258,16,0,0,0,0,80,46,35,0,0,199,42,33,0
Wisconsin,Ashland,182,176,6,0,0,0,0,71,44,35,0,0,165,0,17,0
Wisconsin,Brown,182,152,29,1,0,0,0,119,57,37,0,0,84,0,98,0
Wisconsin,Columbia,93,82,7,4,0,0,0,115,58,41,0,0,93,0,0,0
Wisconsin,Dane,182,141,40,1,0,0,0,112,59,41,0,0,71,0,111,0
Wisconsin,Dodge,194,156,36,2,0,0,0,136,58,40,1,0,125,0,57,11
Wisconsin,Door,100,87,10,3,0,0,0,150,54,39,0,0,100,0,0,0
Wisconsin,Eau Claire,182,160,22,0,0,0,0,93,52,39,0,0,84,0,98,0
Wisconsin,Fond du Lac,95,86,7,2,0,0,0,115,49,38,0,0,95,0,0,0
Wisconsin,Forest,182,169,13,0,0,0,0,93,47,38,0,0,155,0,27,0
Wisconsin,Grant,177,147,30,0,0,0,0,81,55,31,0,0,0,0,177,0
Wisconsin,Jefferson,100,87,9,4,0,0,0,136,58,41,0,0,100,0,0,0
Wisconsin,Kenosha,182,145,33,3,1,0,0,197,64,41,0,0,107,0,75,0
Wisconsin,Kewaunee,100,93,7,0,0,0,0,97,47,37,0,0,100,0,0,0
Wisconsin,La Crosse,180,152,28,0,0,0,0,93,55,38,0,0,86,0,94,0
Wisconsin,Manitowoc,85,71,11,3,0,0,0,136,64,39,0,1,84,0,0,0
Wisconsin,Marathon,92,86,6,0,0,0,0,74,49,40,0,0,92,0,0,0
Wisconsin,Milwaukee,183,133,47,2,1,0,0,169,65,40,1,10,101,0,71,0
Wisconsin,Monroe,18,16,2,0,0,0,0,53,53,17,0,0,0,0,18,0
Wisconsin,Oneida,182,179,3,0,0,0,0,72,17,0,0,0,0,182,0,0
Wisconsin,Outagamie,182,149,31,2,0,0,0,126,58,39,0,0,81,3,98,0
Wisconsin,Ozaukee,181,148,30,2,1,0,0,164,58,38,0,0,91,0,90,0
Wisconsin,Racine,93,78,11,3,1,0,0,172,58,40,0,0,93,0,0,0
Wisconsin,Rock,99,90,6,3,0,0,0,105,50,40,0,0,99,0,0,0
Wisconsin,Sauk,182,150,31,1,0,0,0,112,56,39,0,0,80,0,102,0
Wisconsin,Sheboygan,100,83,14,2,1,0,0,159,74,41,0,0,100,0,0,0
Wisconsin,Taylor,244,226,18,0,0,0,0,78,48,37,0,0,212,0,32,0
Wisconsin,Vilas,182,172,10,0,0,0,0,84,47,36,0,0,95,0,87,0
Wisconsin,Walworth,92,80,8,4,0,0,0,136,51,42,0,0,92,0,0,0
Wisconsin,Waukesha,175,132,41,2,0,0,0,129,61,41,0,0,72,0,103,0
Wyoming,Albany,242,175,63,4,0,0,0,136,64,47,0,0,224,0,0,18
Wyoming,Big Horn,182,178,4,0,0,0,0,61,45,39,0,0,182,0,0,0
Wyoming,Campbell,274,232,41,1,0,0,0,117,56,37,0,1,113,0,0,160
Wyoming,Carbon,182,182,0,0,0,0,0,49,22,6,0,121,0,61,0,0
Wyoming,Converse,274,247,27,0,0,0,0,88,50,40,0,0,157,0,13,104
Wyoming,Fremont,182,155,27,0,0,0,0,77,54,45,0,0,169,6,7,0
Wyoming,Johnson,181,172,9,0,0,0,0,61,47,41,0,1,178,0,0,2
Wyoming,Laramie,183,169,14,0,0,0,0,77,48,40,1,0,174,0,3,5
Wyoming,Lincoln,182,178,4,0,0,0,0,54,26,11,0,0,0,0,0,182
Wyoming,Natrona,182,173,9,0,0,0,0,64,48,42,0,0,181,0,1,0
Wyoming,Park,61,61,0,0,0,0,0,28,18,9,0,0,0,0,52,9
Wyoming,Platte,40,37,3,0,0,0,0,59,35,14,0,0,0,0,0,40
Wyoming,Sheridan,182,175,7,0,0,0,0,64,46,40,0,0,175,0,7,0
Wyoming,Sublette,244,190,50,4,0,0,0,129,67,46,0,0,244,0,0,0
Wyoming,Sweetwater,238,178,54,3,2,0,1,1250,64,45,0,5,200,0,1,32
Wyoming,Teton,245,224,15,5,1,0,0,155,50,44,1,0,237,0,7,0
Wyoming,Uinta,237,194,41,2,0,0,0,122,58,44,0,2,225,0,0,10
Wyoming,Weston,182,173,9,0,0,0,0,77,48,40,0,0,170,12,0,0