"state","county","Value","Rank","Anomaly (1901-2000 base period)","1901-2000 Mean"
AL,"Autauga",65.8,117,1.9,63.9
AL,"Baldwin",68.7,117,1.9,66.8
AL,"Barbour",66.0,109,1.3,64.7
AL,"Bibb",64.0,106,1.2,62.8
AL,"Blount",62.6,116,2.0,60.6
AL,"Bullock",65.6,112,1.5,64.1
AL,"Butler",66.8,120,2.3,64.5
AL,"Calhoun",63.0,116,2.0,61
AL,"Chambers",63.0,112,1.4,61.6
AL,"Cherokee",62.2,114,1.6,60.6
AL,"Chilton",64.0,107,1.3,62.7
AL,"Choctaw",66.5,120,2.0,64.5
AL,"Clarke",66.8,120,2.0,64.8
AL,"Clay",62.3,114,1.6,60.7
AL,"Cleburne",62.1,119,2.2,59.9
AL,"Coffee",67.2,117,1.8,65.4
AL,"Colbert",61.4,109,1.4,60
AL,"Conecuh",68.0,123,2.6,65.4
AL,"Coosa",63.7,113,1.4,62.3
AL,"Covington",67.7,123,2.1,65.6
AL,"Crenshaw",66.2,117,1.8,64.4
AL,"Cullman",62.1,114,1.8,60.3
AL,"Dale",67.4,117,1.7,65.7
AL,"Dallas",66.3,120,2.0,64.3
AL,"DeKalb",60.4,100,1.1,59.3
AL,"Elmore",65.3,116,1.6,63.7
AL,"Escambia",68.3,125,2.3,66
AL,"Etowah",62.5,111,1.6,60.9
AL,"Fayette",63.4,106,1.4,62
AL,"Franklin",61.1,100,1.2,59.9
AL,"Geneva",68.1,119,2.0,66.1
AL,"Greene",65.0,101,1.1,63.9
AL,"Hale",64.8,99,1.1,63.7
AL,"Henry",67.2,115,1.6,65.6
AL,"Houston",68.5,120,2.0,66.5
AL,"Jackson",60.5,100,1.1,59.4
AL,"Jefferson",63.6,112,1.8,61.8
AL,"Lamar",63.4,105,1.3,62.1
AL,"Lauderdale",61.0,110,1.5,59.5
AL,"Lawrence",61.0,94,0.9,60.1
AL,"Lee",64.4,111,1.4,63
AL,"Limestone",61.3,108,1.4,59.9
AL,"Lowndes",66.8,119,2.2,64.6
AL,"Macon",65.4,113,1.3,64.1
AL,"Madison",61.1,102,1.2,59.9
AL,"Marengo",65.8,112,1.5,64.3
AL,"Marion",61.9,100,1.1,60.8
AL,"Marshall",61.7,108,1.4,60.3
AL,"Mobile",68.6,121,2.1,66.5
AL,"Monroe",67.7,124,2.6,65.1
AL,"Montgomery",66.4,118,2.0,64.4
AL,"Morgan",61.6,107,1.4,60.2
AL,"Perry",65.0,111,1.4,63.6
AL,"Pickens",64.5,106,1.4,63.1
AL,"Pike",66.2,116,1.5,64.7
AL,"Randolph",62.1,114,1.7,60.4
AL,"Russell",65.5,111,1.3,64.2
AL,"St. Clair",63.1,116,1.9,61.2
AL,"Shelby",63.6,112,1.5,62.1
AL,"Sumter",65.7,118,1.6,64.1
AL,"Talladega",63.5,116,1.7,61.8
AL,"Tallapoosa",63.4,110,1.3,62.1
AL,"Tuscaloosa",64.2,101,1.2,63
AL,"Walker",63.0,109,1.4,61.6
AL,"Washington",67.1,117,1.8,65.3
AL,"Wilcox",66.8,121,2.1,64.7
AL,"Winston",61.2,96,1.0,60.2
AZ,"Apache",52.7,124,2.9,49.8
AZ,"Cochise",63.4,124,3.1,60.3
AZ,"Coconino",55.1,124,3.4,51.7
AZ,"Gila",62.2,124,3.7,58.5
AZ,"Graham",63.4,124,3.2,60.2
AZ,"Greenlee",58.8,124,3.1,55.7
AZ,"La Paz",73.1,118,2.8,70.3
AZ,"Maricopa",72.6,123,3.4,69.2
AZ,"Mohave",64.4,121,3.0,61.4
AZ,"Navajo",54.2,123,3.1,51.1
AZ,"Pima",69.6,123,3.1,66.5
AZ,"Pinal",70.8,124,3.2,67.6
AZ,"Santa Cruz",62.5,122,2.6,59.9
AZ,"Yavapai",61.4,124,3.2,58.2
AZ,"Yuma",74.1,120,3.2,70.9
AR,"Arkansas",62.9,86,0.8,62.1
AR,"Ashley",64.8,113,1.6,63.2
AR,"Baxter",57.5,78,0.4,57.1
AR,"Benton",58.1,91,0.8,57.3
AR,"Boone",57.2,78,0.4,56.8
AR,"Bradley",63.8,99,1.1,62.7
AR,"Calhoun",63.0,71,0.2,62.8
AR,"Carroll",57.4,80,0.5,56.9
AR,"Chicot",64.3,87,0.8,63.5
AR,"Clark",62.2,67,0.1,62.1
AR,"Clay",59.3,80,0.6,58.7
AR,"Cleburne",59.3,77,0.4,58.9
AR,"Cleveland",62.3,58,-0.0,62.3
AR,"Columbia",63.0,48,-0.3,63.3
AR,"Conway",60.5,71,0.3,60.2
AR,"Craighead",60.1,87,0.6,59.5
AR,"Crawford",59.9,82,0.6,59.3
AR,"Crittenden",62.0,87,0.7,61.3
AR,"Cross",61.1,74,0.3,60.8
AR,"Dallas",61.9,48,-0.3,62.2
AR,"Desha",63.5,90,0.8,62.7
AR,"Drew",63.8,95,1.0,62.8
AR,"Faulkner",60.5,58,-0.1,60.6
AR,"Franklin",59.5,69,0.2,59.3
AR,"Fulton",57.6,93,1.0,56.6
AR,"Garland",61.0,69,0.2,60.8
AR,"Grant",61.7,46,-0.4,62.1
AR,"Greene",59.6,84,0.6,59
AR,"Hempstead",62.5,56,-0.1,62.6
AR,"Hot Spring",61.6,53,-0.1,61.7
AR,"Howard",61.4,63,0.2,61.2
AR,"Independence",59.1,77,0.3,58.8
AR,"Izard",57.8,76,0.3,57.5
AR,"Jackson",59.8,70,0.2,59.6
AR,"Jefferson",62.0,52,-0.1,62.1
AR,"Johnson",58.7,66,0.1,58.6
AR,"Lafayette",63.5,58,0.0,63.5
AR,"Lawrence",59.1,75,0.4,58.7
AR,"Lee",62.3,87,0.8,61.5
AR,"Lincoln",62.9,79,0.5,62.4
AR,"Little River",63.2,86,0.6,62.6
AR,"Logan",60.2,59,0.1,60.1
AR,"Lonoke",61.5,56,-0.1,61.6
AR,"Madison",56.8,74,0.4,56.4
AR,"Marion",57.4,76,0.3,57.1
AR,"Miller",63.8,69,0.3,63.5
AR,"Mississippi",60.8,86,0.6,60.2
AR,"Monroe",62.3,86,0.6,61.7
AR,"Montgomery",60.5,70,0.4,60.1
AR,"Nevada",62.5,51,-0.3,62.8
AR,"Newton",56.7,73,0.3,56.4
AR,"Ouachita",62.6,45,-0.5,63.1
AR,"Perry",61.1,72,0.3,60.8
AR,"Phillips",63.0,96,1.0,62
AR,"Pike",61.3,60,0.1,61.2
AR,"Poinsett",60.6,77,0.5,60.1
AR,"Polk",59.7,75,0.4,59.3
AR,"Pope",59.3,68,0.2,59.1
AR,"Prairie",61.6,62,0.1,61.5
AR,"Pulaski",61.1,45,-0.3,61.4
AR,"Randolph",58.7,82,0.6,58.1
AR,"St. Francis",61.8,82,0.5,61.3
AR,"Saline",61.0,51,-0.2,61.2
AR,"Scott",60.2,79,0.4,59.8
AR,"Searcy",57.3,72,0.2,57.1
AR,"Sebastian",61.1,86,0.7,60.4
AR,"Sevier",62.4,92,0.7,61.7
AR,"Sharp",58.0,82,0.6,57.4
AR,"Stone",57.9,75,0.2,57.7
AR,"Union",64.0,89,0.8,63.2
AR,"Van Buren",58.3,68,0.1,58.2
AR,"Washington",57.8,77,0.5,57.3
AR,"White",60.8,78,0.4,60.4
AR,"Woodruff",60.8,59,0.0,60.8
AR,"Yell",60.7,68,0.2,60.5
CA,"Alameda",61.7,124,3.8,57.9
CA,"Alpine",46.4,122,3.1,43.3
CA,"Amador",60.5,123,3.3,57.2
CA,"Butte",62.4,124,3.6,58.8
CA,"Calaveras",61.0,123,3.3,57.7
CA,"Colusa",64.1,124,3.8,60.3
CA,"Contra Costa",62.8,125,4.0,58.8
CA,"Del Norte",53.8,123,3.0,50.8
CA,"El Dorado",56.4,122,3.1,53.3
CA,"Fresno",57.8,123,3.4,54.4
CA,"Glenn",62.9,124,3.6,59.3
CA,"Humboldt",55.6,123,2.7,52.9
CA,"Imperial",75.4,120,3.2,72.2
CA,"Inyo",62.5,121,3.0,59.5
CA,"Kern",63.6,122,3.1,60.5
CA,"Kings",65.6,123,3.1,62.5
CA,"Lake",59.9,123,3.5,56.4
CA,"Lassen",49.4,122,3.3,46.1
CA,"Los Angeles",63.2,121,3.4,59.8
CA,"Madera",58.4,123,3.3,55.1
CA,"Marin",58.1,124,3.3,54.8
CA,"Mariposa",57.7,123,3.2,54.5
CA,"Mendocino",57.9,124,3.1,54.8
CA,"Merced",64.4,123,3.4,61
CA,"Modoc",49.2,123,3.7,45.5
CA,"Mono",46.5,121,3.2,43.3
CA,"Monterey",60.4,123,3.2,57.2
CA,"Napa",61.9,124,3.7,58.2
CA,"Nevada",54.8,122,3.1,51.7
CA,"Orange",65.6,120,3.2,62.4
CA,"Placer",56.2,123,3.1,53.1
CA,"Plumas",49.6,122,2.8,46.8
CA,"Riverside",70.0,121,3.2,66.8
CA,"Sacramento",64.7,124,3.6,61.1
CA,"San Benito",60.8,123,3.4,57.4
CA,"San Bernardino",68.1,121,3.0,65.1
CA,"San Diego",64.5,121,3.3,61.2
CA,"San Francisco",59.2,124,3.4,55.8
CA,"San Joaquin",64.8,125,4.1,60.7
CA,"San Luis Obispo",61.3,121,3.3,58
CA,"San Mateo",59.2,124,3.8,55.4
CA,"Santa Barbara",60.0,121,3.4,56.6
CA,"Santa Clara",60.6,124,3.7,56.9
CA,"Santa Cruz",59.6,123,3.9,55.7
CA,"Shasta",57.6,123,3.3,54.3
CA,"Sierra",49.6,122,3.2,46.4
CA,"Siskiyou",51.2,122,3.4,47.8
CA,"Solano",63.4,124,3.6,59.8
CA,"Sonoma",59.5,124,3.4,56.1
CA,"Stanislaus",63.8,124,3.4,60.4
CA,"Sutter",65.3,124,3.5,61.8
CA,"Tehama",61.3,123,3.4,57.9
CA,"Trinity",55.0,124,3.5,51.5
CA,"Tulare",56.1,122,2.9,53.2
CA,"Tuolumne",52.7,123,3.1,49.6
CA,"Ventura",59.3,121,3.3,56
CA,"Yolo",64.4,124,3.5,60.9
CA,"Yuba",63.2,123,3.4,59.8
CO,"Adams",50.9,118,2.4,48.5
CO,"Alamosa",44.5,120,2.7,41.8
CO,"Arapahoe",50.4,118,2.2,48.2
CO,"Archuleta",45.8,123,3.2,42.6
CO,"Baca",54.4,103,1.2,53.2
CO,"Bent",54.7,114,2.0,52.7
CO,"Boulder",45.9,116,2.1,43.8
CO,"Broomfield",51.4,113,1.8,49.6
CO,"Chaffee",39.0,114,1.5,37.5
CO,"Cheyenne",52.7,116,2.2,50.5
CO,"Clear Creek",38.7,117,2.2,36.5
CO,"Conejos",42.2,121,2.9,39.3
CO,"Costilla",44.3,124,3.3,41
CO,"Crowley",53.0,112,2.1,50.9
CO,"Custer",43.0,120,2.4,40.6
CO,"Delta",48.6,120,3.6,45
CO,"Denver",51.6,113,1.9,49.7
CO,"Dolores",45.4,123,3.6,41.8
CO,"Douglas",47.7,106,1.2,46.5
CO,"Eagle",40.7,116,2.2,38.5
CO,"Elbert",49.0,119,2.2,46.8
CO,"El Paso",49.3,118,2.2,47.1
CO,"Fremont",46.4,108,1.4,45
CO,"Garfield",44.8,116,2.7,42.1
CO,"Gilpin",40.6,117,2.0,38.6
CO,"Grand",38.4,116,2.0,36.4
CO,"Gunnison",39.7,116,2.6,37.1
CO,"Hinsdale",38.2,123,3.9,34.3
CO,"Huerfano",48.8,122,2.7,46.1
CO,"Jackson",37.6,112,2.0,35.6
CO,"Jefferson",47.0,109,1.4,45.6
CO,"Kiowa",53.4,111,1.8,51.6
CO,"Kit Carson",52.5,119,2.5,50
CO,"Lake",36.0,116,2.2,33.8
CO,"La Plata",46.9,123,3.4,43.5
CO,"Larimer",43.3,114,2.4,40.9
CO,"Las Animas",52.6,120,2.3,50.3
CO,"Lincoln",51.1,116,2.3,48.8
CO,"Logan",50.8,111,1.9,48.9
CO,"Mesa",49.2,119,3.6,45.6
CO,"Mineral",38.7,123,3.3,35.4
CO,"Moffat",44.9,113,2.5,42.4
CO,"Montezuma",50.6,122,3.3,47.3
CO,"Montrose",49.5,121,3.9,45.6
CO,"Morgan",51.1,120,3.2,47.9
CO,"Otero",54.3,110,1.9,52.4
CO,"Ouray",43.5,121,3.8,39.7
CO,"Park",39.1,112,1.4,37.7
CO,"Phillips",51.0,113,2.0,49
CO,"Pitkin",39.4,117,2.5,36.9
CO,"Prowers",54.7,111,1.7,53
CO,"Pueblo",53.7,117,2.4,51.3
CO,"Rio Blanco",45.3,114,2.5,42.8
CO,"Rio Grande",41.4,120,2.9,38.5
CO,"Routt",41.0,116,2.4,38.6
CO,"Saguache",40.4,114,2.0,38.4
CO,"San Juan",37.4,123,4.1,33.3
CO,"San Miguel",46.8,121,3.7,43.1
CO,"Sedgwick",50.7,109,1.7,49
CO,"Summit",36.9,116,2.2,34.7
CO,"Teller",40.9,108,1.2,39.7
CO,"Washington",51.1,113,2.4,48.7
CO,"Weld",49.7,112,2.2,47.5
CO,"Yuma",52.1,114,2.3,49.8
CT,"Fairfield",52.4,119,3.2,49.2
CT,"Hartford",51.4,119,3.0,48.4
CT,"Litchfield",49.0,117,2.9,46.1
CT,"Middlesex",51.7,117,2.8,48.9
CT,"New Haven",51.5,115,2.6,48.9
CT,"New London",52.0,120,3.3,48.7
CT,"Tolland",50.5,119,3.1,47.4
CT,"Windham",50.7,120,3.1,47.6
DE,"Kent",57.1,119,3.1,54
DE,"New Castle",56.0,116,2.7,53.3
DE,"Sussex",58.4,120,3.6,54.8
FL,"Alachua",71.7,124,3.0,68.7
FL,"Baker",69.6,121,2.2,67.4
FL,"Bay",70.4,124,3.0,67.4
FL,"Bradford",70.9,123,2.7,68.2
FL,"Brevard",74.5,124,2.9,71.6
FL,"Broward",77.6,125,3.6,74
FL,"Calhoun",69.8,124,3.0,66.8
FL,"Charlotte",76.0,125,3.3,72.7
FL,"Citrus",73.5,125,3.7,69.8
FL,"Clay",72.0,125,3.6,68.4
FL,"Collier",76.8,125,2.8,74
FL,"Columbia",69.3,117,1.7,67.6
FL,"DeSoto",75.1,125,3.1,72
FL,"Dixie",71.0,122,2.9,68.1
FL,"Duval",71.4,123,3.4,68
FL,"Escambia",69.1,122,2.0,67.1
FL,"Flagler",73.4,125,3.9,69.5
FL,"Franklin",70.7,124,3.0,67.7
FL,"Gadsden",69.3,122,2.5,66.8
FL,"Gilchrist",70.9,122,2.8,68.1
FL,"Glades",75.5,123,2.9,72.6
FL,"Gulf",70.7,124,3.4,67.3
FL,"Hamilton",68.6,116,1.5,67.1
FL,"Hardee",74.8,125,3.2,71.6
FL,"Hendry",76.1,123,2.9,73.2
FL,"Hernando",74.1,125,4.1,70
FL,"Highlands",75.0,123,3.0,72
FL,"Hillsborough",75.2,125,3.9,71.3
FL,"Holmes",68.7,122,2.2,66.5
FL,"Indian River",74.7,123,3.0,71.7
FL,"Jackson",69.3,122,2.3,67
FL,"Jefferson",69.8,122,2.7,67.1
FL,"Lafayette",70.1,121,2.5,67.6
FL,"Lake",74.2,125,3.8,70.4
FL,"Lee",76.5,125,3.1,73.4
FL,"Leon",69.7,122,2.7,67
FL,"Levy",72.5,125,3.8,68.7
FL,"Liberty",70.0,123,3.0,67
FL,"Madison",69.3,121,2.4,66.9
FL,"Manatee",75.0,125,3.3,71.7
FL,"Marion",72.9,125,3.4,69.5
FL,"Martin",76.5,123,3.7,72.8
FL,"Miami-Dade",78.2,125,3.9,74.3
FL,"Monroe",78.7,125,3.8,74.9
FL,"Nassau",70.4,122,3.0,67.4
FL,"Okaloosa",68.8,122,2.2,66.6
FL,"Okeechobee",75.1,123,3.1,72
FL,"Orange",74.7,125,3.3,71.4
FL,"Osceola",74.9,125,3.2,71.7
FL,"Palm Beach",77.3,125,3.9,73.4
FL,"Pasco",74.5,125,4.1,70.4
FL,"Pinellas",75.6,125,3.7,71.9
FL,"Polk",75.0,125,3.5,71.5
FL,"Putnam",73.0,125,3.8,69.2
FL,"St. Johns",72.9,125,4.1,68.8
FL,"St. Lucie",75.5,123,3.1,72.4
FL,"Santa Rosa",68.8,117,1.9,66.9
FL,"Sarasota",75.0,124,2.7,72.3
FL,"Seminole",74.5,125,3.3,71.2
FL,"Sumter",73.8,125,3.7,70.1
FL,"Suwannee",69.4,118,1.9,67.5
FL,"Taylor",70.6,123,3.0,67.6
FL,"Union",70.0,118,2.0,68
FL,"Volusia",73.8,125,3.4,70.4
FL,"Wakulla",70.3,123,2.8,67.5
FL,"Walton",69.0,123,2.5,66.5
FL,"Washington",69.4,125,2.5,66.9
GA,"Appling",68.2,121,2.3,65.9
GA,"Atkinson",68.3,121,2.3,66
GA,"Bacon",68.5,122,2.5,66
GA,"Baker",68.2,122,2.1,66.1
GA,"Baldwin",65.5,120,2.2,63.3
GA,"Banks",61.8,112,1.5,60.3
GA,"Barrow",62.1,113,1.6,60.5
GA,"Bartow",61.5,109,1.3,60.2
GA,"Ben Hill",67.9,122,2.8,65.1
GA,"Berrien",67.6,116,1.9,65.7
GA,"Bibb",65.9,122,2.5,63.4
GA,"Bleckley",66.8,122,2.3,64.5
GA,"Brantley",68.6,121,2.5,66.1
GA,"Brooks",67.9,115,1.7,66.2
GA,"Bryan",68.8,121,2.8,66
GA,"Bulloch",67.7,122,2.6,65.1
GA,"Burke",66.2,122,2.7,63.5
GA,"Butts",64.3,119,2.5,61.8
GA,"Calhoun",67.8,122,2.2,65.6
GA,"Camden",69.6,122,2.6,67
GA,"Candler",67.4,121,2.3,65.1
GA,"Carroll",62.1,119,2.3,59.8
GA,"Catoosa",61.8,120,2.5,59.3
GA,"Charlton",69.4,122,2.7,66.7
GA,"Chatham",69.2,122,3.2,66
GA,"Chattahoochee",65.6,113,1.6,64
GA,"Chattooga",61.5,113,1.6,59.9
GA,"Cherokee",60.8,109,1.3,59.5
GA,"Clarke",62.7,115,1.8,60.9
GA,"Clay",67.0,116,1.7,65.3
GA,"Clayton",63.1,116,2.0,61.1
GA,"Clinch",68.4,118,1.8,66.6
GA,"Cobb",62.2,117,2.1,60.1
GA,"Coffee",68.2,122,2.6,65.6
GA,"Colquitt",67.3,114,1.6,65.7
GA,"Columbia",65.1,119,2.4,62.7
GA,"Cook",67.3,114,1.5,65.8
GA,"Coweta",63.2,119,2.2,61
GA,"Crawford",65.5,121,2.3,63.2
GA,"Crisp",67.4,122,2.9,64.5
GA,"Dade",60.4,115,1.9,58.5
GA,"Dawson",59.4,102,1.1,58.3
GA,"Decatur",68.8,121,2.1,66.7
GA,"DeKalb",62.6,116,2.1,60.5
GA,"Dodge",67.4,122,2.5,64.9
GA,"Dooly",67.0,122,2.8,64.2
GA,"Dougherty",68.0,120,2.2,65.8
GA,"Douglas",62.5,118,2.4,60.1
GA,"Early",68.0,119,2.0,66
GA,"Echols",68.2,115,1.5,66.7
GA,"Effingham",68.1,122,2.9,65.2
GA,"Elbert",62.6,113,1.8,60.8
GA,"Emanuel",66.6,120,2.1,64.5
GA,"Evans",68.0,121,2.3,65.7
GA,"Fannin",57.3,109,1.3,56
GA,"Fayette",63.4,117,2.1,61.3
GA,"Floyd",61.9,113,1.5,60.4
GA,"Forsyth",60.6,106,1.3,59.3
GA,"Franklin",61.8,108,1.3,60.5
GA,"Fulton",62.5,118,2.2,60.3
GA,"Gilmer",58.0,101,1.0,57
GA,"Glascock",64.7,118,1.9,62.8
GA,"Glynn",69.2,118,2.2,67
GA,"Gordon",61.4,109,1.3,60.1
GA,"Grady",68.5,122,2.1,66.4
GA,"Greene",63.8,118,1.9,61.9
GA,"Gwinnett",61.7,112,1.7,60
GA,"Habersham",59.9,112,1.5,58.4
GA,"Hall",60.9,107,1.4,59.5
GA,"Hancock",64.6,119,1.9,62.7
GA,"Haralson",61.7,119,2.4,59.3
GA,"Harris",64.1,114,1.6,62.5
GA,"Hart",62.1,115,1.7,60.4
GA,"Heard",62.7,115,1.8,60.9
GA,"Henry",63.5,116,2.0,61.5
GA,"Houston",66.5,122,2.5,64
GA,"Irwin",67.7,122,2.5,65.2
GA,"Jackson",62.1,110,1.5,60.6
GA,"Jasper",64.8,121,3.0,61.8
GA,"Jeff Davis",68.0,122,2.6,65.4
GA,"Jefferson",65.3,118,2.0,63.3
GA,"Jenkins",66.6,122,2.7,63.9
GA,"Johnson",65.9,116,1.8,64.1
GA,"Jones",65.5,121,2.7,62.8
GA,"Lamar",64.3,119,2.3,62
GA,"Lanier",67.7,115,1.6,66.1
GA,"Laurens",66.8,119,2.2,64.6
GA,"Lee",67.6,122,2.4,65.2
GA,"Liberty",68.9,121,2.6,66.3
GA,"Lincoln",64.0,117,1.8,62.2
GA,"Long",68.6,119,2.3,66.3
GA,"Lowndes",67.7,114,1.5,66.2
GA,"Lumpkin",58.8,109,1.4,57.4
GA,"McDuffie",64.5,119,2.2,62.3
GA,"McIntosh",69.3,121,2.5,66.8
GA,"Macon",66.3,122,2.4,63.9
GA,"Madison",62.0,111,1.4,60.6
GA,"Marion",65.4,117,1.8,63.6
GA,"Meriwether",63.5,116,1.9,61.6
GA,"Miller",68.4,120,2.1,66.3
GA,"Mitchell",68.0,121,2.0,66
GA,"Monroe",64.9,120,2.5,62.4
GA,"Montgomery",67.6,122,2.4,65.2
GA,"Morgan",64.0,120,2.5,61.5
GA,"Murray",60.6,113,1.5,59.1
GA,"Muscogee",65.4,113,1.6,63.8
GA,"Newton",63.7,120,2.4,61.3
GA,"Oconee",63.1,117,1.9,61.2
GA,"Oglethorpe",62.7,114,1.6,61.1
GA,"Paulding",62.0,118,2.2,59.8
GA,"Peach",66.0,122,2.4,63.6
GA,"Pickens",59.4,98,0.9,58.5
GA,"Pierce",68.6,121,2.5,66.1
GA,"Pike",63.9,117,2.0,61.9
GA,"Polk",62.3,120,2.3,60
GA,"Pulaski",67.1,122,2.5,64.6
GA,"Putnam",65.0,121,2.7,62.3
GA,"Quitman",66.3,112,1.4,64.9
GA,"Rabun",58.0,118,1.8,56.2
GA,"Randolph",66.7,119,1.9,64.8
GA,"Richmond",66.2,122,2.9,63.3
GA,"Rockdale",63.1,117,2.0,61.1
GA,"Schley",66.0,121,2.2,63.8
GA,"Screven",66.9,121,2.8,64.1
GA,"Seminole",68.9,120,2.2,66.7
GA,"Spalding",63.9,117,2.0,61.9
GA,"Stephens",61.3,100,1.1,60.2
GA,"Stewart",65.9,114,1.6,64.3
GA,"Sumter",66.9,122,2.4,64.5
GA,"Talbot",64.4,114,1.6,62.8
GA,"Taliaferro",63.6,117,1.7,61.9
GA,"Tattnall",67.9,119,2.1,65.8
GA,"Taylor",65.3,120,2.0,63.3
GA,"Telfair",67.9,122,2.7,65.2
GA,"Terrell",67.3,122,2.3,65
GA,"Thomas",68.2,119,1.9,66.3
GA,"Tift",67.2,117,2.0,65.2
GA,"Toombs",67.7,120,2.2,65.5
GA,"Towns",57.0,118,1.9,55.1
GA,"Treutlen",66.9,120,2.1,64.8
GA,"Troup",63.3,114,1.7,61.6
GA,"Turner",67.2,122,2.5,64.7
GA,"Twiggs",66.3,120,2.3,64
GA,"Union",57.1,115,1.6,55.5
GA,"Upson",64.5,118,2.0,62.5
GA,"Walker",61.2,120,2.2,59
GA,"Walton",62.8,117,2.0,60.8
GA,"Ware",68.8,121,2.4,66.4
GA,"Warren",64.2,117,1.9,62.3
GA,"Washington",65.4,117,1.8,63.6
GA,"Wayne",68.4,119,2.3,66.1
GA,"Webster",66.2,120,2.0,64.2
GA,"Wheeler",67.8,122,2.5,65.3
GA,"White",59.0,113,1.5,57.5
GA,"Whitfield",61.7,120,2.2,59.5
GA,"Wilcox",67.5,122,2.8,64.7
GA,"Wilkes",63.3,115,1.8,61.5
GA,"Wilkinson",66.1,119,2.1,64
GA,"Worth",67.3,120,2.1,65.2
ID,"Ada",52.8,114,1.8,51
ID,"Adams",44.5,107,1.6,42.9
ID,"Bannock",46.3,118,2.3,44
ID,"Bear Lake",41.1,106,1.8,39.3
ID,"Benewah",46.6,113,1.9,44.7
ID,"Bingham",45.1,106,1.6,43.5
ID,"Blaine",43.2,110,2.0,41.2
ID,"Boise",44.6,113,1.9,42.7
ID,"Bonner",44.4,113,1.8,42.6
ID,"Bonneville",42.5,105,1.6,40.9
ID,"Boundary",42.3,113,2.1,40.2
ID,"Butte",41.8,97,1.2,40.6
ID,"Camas",42.9,117,2.8,40.1
ID,"Canyon",53.0,111,1.7,51.3
ID,"Caribou",42.5,107,1.7,40.8
ID,"Cassia",47.3,115,2.1,45.2
ID,"Clark",40.6,106,1.6,39
ID,"Clearwater",44.5,106,1.4,43.1
ID,"Custer",39.2,113,2.1,37.1
ID,"Elmore",48.7,118,2.7,46
ID,"Franklin",45.4,116,2.4,43
ID,"Fremont",40.3,110,1.8,38.5
ID,"Gem",50.0,107,1.6,48.4
ID,"Gooding",50.8,122,3.3,47.5
ID,"Idaho",42.5,104,1.7,40.8
ID,"Jefferson",43.8,105,1.7,42.1
ID,"Jerome",50.7,120,3.2,47.5
ID,"Kootenai",46.6,117,2.1,44.5
ID,"Latah",47.1,109,1.7,45.4
ID,"Lemhi",40.2,110,2.0,38.2
ID,"Lewis",46.2,103,1.3,44.9
ID,"Lincoln",48.4,119,3.2,45.2
ID,"Madison",43.4,113,2.0,41.4
ID,"Minidoka",47.6,114,2.4,45.2
ID,"Nez Perce",49.5,108,1.6,47.9
ID,"Oneida",46.9,114,2.0,44.9
ID,"Owyhee",48.8,114,2.0,46.8
ID,"Payette",52.5,115,2.1,50.4
ID,"Power",46.4,106,1.6,44.8
ID,"Shoshone",43.5,106,1.7,41.8
ID,"Teton",40.7,113,2.1,38.6
ID,"Twin Falls",48.7,115,1.9,46.8
ID,"Valley",40.4,116,2.1,38.3
ID,"Washington",48.9,107,1.7,47.2
IL,"Adams",52.9,84,0.5,52.4
IL,"Alexander",57.8,93,1.0,56.8
IL,"Bond",54.6,87,0.7,53.9
IL,"Boone",49.0,106,1.7,47.3
IL,"Brown",52.6,80,0.5,52.1
IL,"Bureau",50.1,92,1.2,48.9
IL,"Calhoun",54.4,87,0.6,53.8
IL,"Carroll",49.5,109,2.2,47.3
IL,"Cass",52.6,79,0.3,52.3
IL,"Champaign",51.9,90,1.0,50.9
IL,"Christian",53.0,85,0.5,52.5
IL,"Clark",53.6,90,0.9,52.7
IL,"Clay",55.0,94,1.1,53.9
IL,"Clinton",55.5,93,0.9,54.6
IL,"Coles",53.0,88,0.8,52.2
IL,"Cook",50.9,109,2.0,48.9
IL,"Crawford",54.7,94,1.1,53.6
IL,"Cumberland",53.6,87,0.8,52.8
IL,"DeKalb",49.1,97,1.2,47.9
IL,"De Witt",52.2,99,1.3,50.9
IL,"Douglas",52.7,91,1.1,51.6
IL,"DuPage",50.4,107,2.0,48.4
IL,"Edgar",52.4,85,0.5,51.9
IL,"Edwards",56.2,101,1.2,55
IL,"Effingham",53.8,88,0.7,53.1
IL,"Fayette",54.0,83,0.5,53.5
IL,"Ford",51.3,95,1.2,50.1
IL,"Franklin",56.0,88,0.8,55.2
IL,"Fulton",52.0,89,0.7,51.3
IL,"Gallatin",56.3,67,0.2,56.1
IL,"Greene",53.9,78,0.4,53.5
IL,"Grundy",51.2,107,1.9,49.3
IL,"Hamilton",56.2,95,1.0,55.2
IL,"Hancock",52.2,82,0.5,51.7
IL,"Hardin",56.8,77,0.5,56.3
IL,"Henderson",51.4,91,0.7,50.7
IL,"Henry",50.2,92,1.1,49.1
IL,"Iroquois",51.4,101,1.4,50
IL,"Jackson",56.1,89,0.7,55.4
IL,"Jasper",54.3,92,0.9,53.4
IL,"Jefferson",55.8,96,1.0,54.8
IL,"Jersey",54.8,92,0.7,54.1
IL,"Jo Daviess",48.4,99,1.6,46.8
IL,"Johnson",56.8,90,0.8,56
IL,"Kane",49.4,101,1.5,47.9
IL,"Kankakee",51.2,102,1.6,49.6
IL,"Kendall",50.4,100,1.5,48.9
IL,"Knox",50.6,89,0.7,49.9
IL,"Lake",49.6,108,2.0,47.6
IL,"LaSalle",50.7,101,1.6,49.1
IL,"Lawrence",55.4,94,1.0,54.4
IL,"Lee",49.6,101,1.6,48
IL,"Livingston",51.2,103,1.5,49.7
IL,"Logan",52.7,96,1.1,51.6
IL,"McDonough",51.6,83,0.5,51.1
IL,"McHenry",49.0,106,1.9,47.1
IL,"McLean",51.7,104,1.7,50
IL,"Macon",52.6,92,0.9,51.7
IL,"Macoupin",53.8,88,0.6,53.2
IL,"Madison",55.2,88,0.6,54.6
IL,"Marion",55.1,94,0.9,54.2
IL,"Marshall",51.2,101,1.4,49.8
IL,"Mason",52.7,89,0.7,52
IL,"Massac",57.9,89,1.1,56.8
IL,"Menard",52.6,86,0.5,52.1
IL,"Mercer",50.6,92,0.8,49.8
IL,"Monroe",56.5,93,1.0,55.5
IL,"Montgomery",53.5,80,0.5,53
IL,"Morgan",52.8,81,0.4,52.4
IL,"Moultrie",52.7,88,0.7,52
IL,"Ogle",49.5,108,1.9,47.6
IL,"Peoria",51.7,98,1.3,50.4
IL,"Perry",55.7,89,0.7,55
IL,"Piatt",52.2,92,1.1,51.1
IL,"Pike",53.3,80,0.4,52.9
IL,"Pope",56.9,79,0.7,56.2
IL,"Pulaski",57.8,93,1.0,56.8
IL,"Putnam",50.9,92,1.1,49.8
IL,"Randolph",55.8,88,0.5,55.3
IL,"Richland",55.1,91,0.9,54.2
IL,"Rock Island",50.5,94,1.2,49.3
IL,"St. Clair",56.0,91,0.8,55.2
IL,"Saline",56.2,79,0.4,55.8
IL,"Sangamon",52.8,84,0.5,52.3
IL,"Schuyler",52.4,84,0.5,51.9
IL,"Scott",53.2,77,0.3,52.9
IL,"Shelby",53.0,79,0.4,52.6
IL,"Stark",50.5,92,1.1,49.4
IL,"Stephenson",48.4,104,1.6,46.8
IL,"Tazewell",52.3,100,1.5,50.8
IL,"Union",56.8,93,0.9,55.9
IL,"Vermilion",51.7,86,0.6,51.1
IL,"Wabash",56.1,96,1.1,55
IL,"Warren",50.6,87,0.5,50.1
IL,"Washington",55.7,94,0.9,54.8
IL,"Wayne",56.2,104,1.5,54.7
IL,"White",56.2,82,0.6,55.6
IL,"Whiteside",50.2,106,1.8,48.4
IL,"Will",50.8,101,1.5,49.3
IL,"Williamson",56.1,89,0.7,55.4
IL,"Winnebago",49.1,106,1.7,47.4
IL,"Woodford",51.6,107,1.8,49.8
IN,"Adams",51.5,109,1.9,49.6
IN,"Allen",50.8,102,1.5,49.3
IN,"Bartholomew",54.1,94,1.1,53
IN,"Benton",50.8,89,1.0,49.8
IN,"Blackford",52.1,107,1.7,50.4
IN,"Boone",51.6,103,1.4,50.2
IN,"Brown",53.3,95,1.1,52.2
IN,"Carroll",51.4,98,1.2,50.2
IN,"Cass",51.1,100,1.4,49.7
IN,"Clark",56.0,104,1.7,54.3
IN,"Clay",53.7,104,1.5,52.2
IN,"Clinton",51.4,99,1.2,50.2
IN,"Crawford",54.7,71,0.3,54.4
IN,"Daviess",55.2,104,1.6,53.6
IN,"Dearborn",54.5,108,1.8,52.7
IN,"Decatur",53.3,92,1.0,52.3
IN,"DeKalb",50.0,104,1.5,48.5
IN,"Delaware",52.8,115,2.3,50.5
IN,"Dubois",55.0,84,0.7,54.3
IN,"Elkhart",50.2,107,2.1,48.1
IN,"Fayette",52.6,103,1.5,51.1
IN,"Floyd",56.2,107,1.7,54.5
IN,"Fountain",51.7,87,0.8,50.9
IN,"Franklin",53.3,101,1.4,51.9
IN,"Fulton",50.7,107,1.7,49
IN,"Gibson",56.2,97,1.1,55.1
IN,"Grant",51.8,101,1.4,50.4
IN,"Greene",54.3,109,1.7,52.6
IN,"Hamilton",52.1,103,1.3,50.8
IN,"Hancock",52.6,101,1.3,51.3
IN,"Harrison",56.0,103,1.3,54.7
IN,"Hendricks",52.0,92,1.1,50.9
IN,"Henry",52.1,107,1.7,50.4
IN,"Howard",51.2,92,1.0,50.2
IN,"Huntington",51.2,100,1.4,49.8
IN,"Jackson",54.4,96,1.1,53.3
IN,"Jasper",50.6,96,1.2,49.4
IN,"Jay",51.9,111,1.9,50
IN,"Jefferson",55.3,105,1.7,53.6
IN,"Jennings",54.4,99,1.2,53.2
IN,"Johnson",53.0,95,1.1,51.9
IN,"Knox",55.5,100,1.4,54.1
IN,"Kosciusko",50.5,104,1.8,48.7
IN,"LaGrange",49.9,106,1.9,48
IN,"Lake",50.6,102,1.5,49.1
IN,"LaPorte",50.3,103,1.7,48.6
IN,"Lawrence",53.9,94,1.0,52.9
IN,"Madison",52.7,110,1.9,50.8
IN,"Marion",52.6,93,1.1,51.5
IN,"Marshall",50.4,110,2.0,48.4
IN,"Martin",54.6,102,1.3,53.3
IN,"Miami",51.2,98,1.3,49.9
IN,"Monroe",53.2,98,1.1,52.1
IN,"Montgomery",51.7,99,1.3,50.4
IN,"Morgan",52.9,93,1.0,51.9
IN,"Newton",51.0,99,1.4,49.6
IN,"Noble",50.1,105,1.7,48.4
IN,"Ohio",55.4,114,2.1,53.3
IN,"Orange",54.3,84,0.7,53.6
IN,"Owen",53.4,101,1.4,52
IN,"Parke",52.2,86,0.5,51.7
IN,"Perry",54.9,43,-0.4,55.3
IN,"Pike",55.7,100,1.3,54.4
IN,"Porter",50.4,102,1.6,48.8
IN,"Posey",56.3,72,0.2,56.1
IN,"Pulaski",50.5,101,1.4,49.1
IN,"Putnam",52.1,92,0.9,51.2
IN,"Randolph",51.9,113,2.0,49.9
IN,"Ripley",53.8,101,1.4,52.4
IN,"Rush",52.6,102,1.3,51.3
IN,"St. Joseph",50.3,110,2.0,48.3
IN,"Scott",55.2,103,1.5,53.7
IN,"Shelby",53.3,94,1.2,52.1
IN,"Spencer",55.8,67,0.1,55.7
IN,"Starke",50.5,103,1.7,48.8
IN,"Steuben",49.4,105,1.7,47.7
IN,"Sullivan",55.0,109,1.9,53.1
IN,"Switzerland",55.8,114,2.2,53.6
IN,"Tippecanoe",51.5,91,1.1,50.4
IN,"Tipton",51.6,100,1.3,50.3
IN,"Union",52.7,103,1.6,51.1
IN,"Vanderburgh",56.6,84,0.7,55.9
IN,"Vermillion",52.3,84,0.4,51.9
IN,"Vigo",53.8,96,1.3,52.5
IN,"Wabash",51.2,98,1.3,49.9
IN,"Warren",51.3,88,0.7,50.6
IN,"Warrick",56.2,88,0.9,55.3
IN,"Washington",54.6,100,1.3,53.3
IN,"Wayne",52.1,110,1.8,50.3
IN,"Wells",51.5,107,1.7,49.8
IN,"White",50.9,94,1.1,49.8
IN,"Whitley",50.4,101,1.4,49
IA,"Adair",49.5,93,1.0,48.5
IA,"Adams",50.1,95,1.0,49.1
IA,"Allamakee",46.6,95,1.3,45.3
IA,"Appanoose",50.7,79,0.4,50.3
IA,"Audubon",48.9,101,1.3,47.6
IA,"Benton",47.9,81,0.6,47.3
IA,"Black Hawk",48.1,104,1.5,46.6
IA,"Boone",49.0,99,1.3,47.7
IA,"Bremer",47.1,98,1.4,45.7
IA,"Buchanan",47.0,87,0.8,46.2
IA,"Buena Vista",47.3,103,1.3,46
IA,"Butler",47.3,97,1.3,46
IA,"Calhoun",48.1,98,1.2,46.9
IA,"Carroll",48.9,105,1.8,47.1
IA,"Cass",49.9,99,1.1,48.8
IA,"Cedar",49.1,90,0.8,48.3
IA,"Cerro Gordo",46.1,94,1.2,44.9
IA,"Cherokee",47.3,99,1.2,46.1
IA,"Chickasaw",45.7,86,0.9,44.8
IA,"Clarke",50.6,92,1.1,49.5
IA,"Clay",46.7,102,1.6,45.1
IA,"Clayton",46.9,89,0.9,46
IA,"Clinton",50.3,109,1.9,48.4
IA,"Crawford",49.2,111,2.0,47.2
IA,"Dallas",49.9,94,1.0,48.9
IA,"Davis",50.8,80,0.4,50.4
IA,"Decatur",51.1,95,1.1,50
IA,"Delaware",47.1,92,1.1,46
IA,"Des Moines",51.1,87,0.6,50.5
IA,"Dickinson",45.6,91,1.2,44.4
IA,"Dubuque",47.5,88,0.9,46.6
IA,"Emmet",45.3,81,0.8,44.5
IA,"Fayette",46.0,85,0.8,45.2
IA,"Floyd",46.2,89,1.0,45.2
IA,"Franklin",47.0,99,1.5,45.5
IA,"Fremont",51.9,94,0.9,51
IA,"Greene",48.9,98,1.2,47.7
IA,"Grundy",47.8,95,1.2,46.6
IA,"Guthrie",49.5,100,1.3,48.2
IA,"Hamilton",47.5,90,0.8,46.7
IA,"Hancock",46.0,89,0.9,45.1
IA,"Hardin",47.8,99,1.3,46.5
IA,"Harrison",50.0,98,1.3,48.7
IA,"Henry",50.1,53,-0.2,50.3
IA,"Howard",44.7,87,0.9,43.8
IA,"Humboldt",47.2,91,0.8,46.4
IA,"Ida",48.2,102,1.5,46.7
IA,"Iowa",49.3,92,1.1,48.2
IA,"Jackson",49.2,102,1.6,47.6
IA,"Jasper",49.6,93,1.0,48.6
IA,"Jefferson",49.7,49,-0.3,50
IA,"Johnson",49.1,83,0.5,48.6
IA,"Jones",48.7,100,1.4,47.3
IA,"Keokuk",49.9,91,0.9,49
IA,"Kossuth",46.1,89,0.9,45.2
IA,"Lee",51.5,74,0.1,51.4
IA,"Linn",48.1,87,0.9,47.2
IA,"Louisa",50.3,82,0.4,49.9
IA,"Lucas",50.4,87,0.6,49.8
IA,"Lyon",46.2,91,1.0,45.2
IA,"Madison",50.0,89,0.8,49.2
IA,"Mahaska",50.1,88,0.8,49.3
IA,"Marion",50.1,79,0.2,49.9
IA,"Marshall",48.6,96,1.1,47.5
IA,"Mills",51.4,95,1.1,50.3
IA,"Mitchell",45.2,88,0.9,44.3
IA,"Monona",49.3,101,1.3,48
IA,"Monroe",50.6,85,0.4,50.2
IA,"Montgomery",50.9,98,1.2,49.7
IA,"Muscatine",49.6,74,0.2,49.4
IA,"O'Brien",46.5,94,1.1,45.4
IA,"Osceola",45.4,84,0.8,44.6
IA,"Page",51.6,100,1.4,50.2
IA,"Palo Alto",46.3,90,1.0,45.3
IA,"Plymouth",47.8,100,1.3,46.5
IA,"Pocahontas",47.0,85,0.7,46.3
IA,"Polk",50.0,92,0.8,49.2
IA,"Pottawattamie",50.5,94,1.1,49.4
IA,"Poweshiek",49.3,96,1.3,48
IA,"Ringgold",50.7,95,1.2,49.5
IA,"Sac",48.4,107,1.8,46.6
IA,"Scott",50.3,98,1.4,48.9
IA,"Shelby",49.4,102,1.4,48
IA,"Sioux",46.7,86,0.8,45.9
IA,"Story",48.9,98,1.2,47.7
IA,"Tama",48.3,94,1.0,47.3
IA,"Taylor",50.9,102,1.4,49.5
IA,"Union",50.0,91,0.9,49.1
IA,"Van Buren",50.4,50,-0.5,50.9
IA,"Wapello",50.5,80,0.5,50
IA,"Warren",50.6,87,0.6,50
IA,"Washington",49.8,85,0.7,49.1
IA,"Wayne",50.5,82,0.5,50
IA,"Webster",47.7,86,0.9,46.8
IA,"Winnebago",45.2,77,0.6,44.6
IA,"Winneshiek",46.0,105,1.8,44.2
IA,"Woodbury",48.7,100,1.4,47.3
IA,"Worth",45.1,78,0.7,44.4
IA,"Wright",46.7,92,0.8,45.9
KS,"Allen",56.3,79,0.3,56
KS,"Anderson",55.6,77,0.3,55.3
KS,"Atchison",53.7,90,0.7,53
KS,"Barber",57.0,84,0.5,56.5
KS,"Barton",54.2,52,-0.2,54.4
KS,"Bourbon",56.3,72,0.2,56.1
KS,"Brown",53.1,92,0.8,52.3
KS,"Butler",56.4,92,0.7,55.7
KS,"Chase",54.8,74,0.2,54.6
KS,"Chautauqua",57.4,70,0.0,57.4
KS,"Cherokee",57.8,75,0.3,57.5
KS,"Cheyenne",52.7,111,1.9,50.8
KS,"Clark",57.1,87,0.6,56.5
KS,"Clay",54.5,93,0.9,53.6
KS,"Cloud",54.0,89,0.8,53.2
KS,"Coffey",55.7,88,0.6,55.1
KS,"Comanche",57.3,96,0.8,56.5
KS,"Cowley",57.3,83,0.4,56.9
KS,"Crawford",57.0,74,0.3,56.7
KS,"Decatur",52.8,107,1.5,51.3
KS,"Dickinson",55.3,94,1.0,54.3
KS,"Doniphan",53.4,83,0.4,53
KS,"Douglas",55.2,93,0.8,54.4
KS,"Edwards",55.2,79,0.5,54.7
KS,"Elk",56.6,74,0.1,56.5
KS,"Ellis",54.1,78,0.6,53.5
KS,"Ellsworth",55.2,93,0.7,54.5
KS,"Finney",55.1,105,1.7,53.4
KS,"Ford",55.7,94,1.0,54.7
KS,"Franklin",55.6,96,0.8,54.8
KS,"Geary",54.8,92,0.8,54
KS,"Gove",53.9,95,1.2,52.7
KS,"Graham",53.5,85,0.8,52.7
KS,"Grant",55.6,100,1.2,54.4
KS,"Gray",55.5,101,1.3,54.2
KS,"Greeley",53.3,101,1.5,51.8
KS,"Greenwood",55.9,85,0.4,55.5
KS,"Hamilton",54.9,105,1.4,53.5
KS,"Harper",57.3,74,0.2,57.1
KS,"Harvey",56.4,95,0.9,55.5
KS,"Haskell",55.5,101,1.2,54.3
KS,"Hodgeman",55.6,98,1.1,54.5
KS,"Jackson",53.7,90,0.8,52.9
KS,"Jefferson",54.4,93,0.8,53.6
KS,"Jewell",53.2,95,1.2,52
KS,"Johnson",54.9,88,0.6,54.3
KS,"Kearny",55.1,106,1.7,53.4
KS,"Kingman",56.1,63,-0.0,56.1
KS,"Kiowa",55.9,90,0.5,55.4
KS,"Labette",57.7,69,0.1,57.6
KS,"Lane",54.5,105,1.6,52.9
KS,"Leavenworth",54.8,94,0.9,53.9
KS,"Lincoln",54.6,89,0.8,53.8
KS,"Linn",55.9,83,0.4,55.5
KS,"Logan",53.9,105,1.7,52.2
KS,"Lyon",55.1,89,0.7,54.4
KS,"McPherson",55.8,93,1.1,54.7
KS,"Marion",55.4,90,0.7,54.7
KS,"Marshall",53.1,91,0.8,52.3
KS,"Meade",56.6,88,0.6,56
KS,"Miami",55.3,86,0.6,54.7
KS,"Mitchell",53.7,84,0.6,53.1
KS,"Montgomery",57.9,69,0.1,57.8
KS,"Morris",54.4,84,0.6,53.8
KS,"Morton",56.2,101,1.2,55
KS,"Nemaha",52.7,89,0.7,52
KS,"Neosho",56.9,72,0.2,56.7
KS,"Ness",54.7,87,0.7,54
KS,"Norton",52.6,89,1.0,51.6
KS,"Osage",55.7,103,1.4,54.3
KS,"Osborne",53.8,87,0.6,53.2
KS,"Ottawa",55.0,96,1.1,53.9
KS,"Pawnee",54.5,61,0.0,54.5
KS,"Phillips",53.1,86,0.9,52.2
KS,"Pottawatomie",53.8,85,0.5,53.3
KS,"Pratt",55.5,63,0.1,55.4
KS,"Rawlins",52.6,108,1.5,51.1
KS,"Reno",55.7,72,0.1,55.6
KS,"Republic",53.1,92,1.1,52
KS,"Rice",55.1,75,0.3,54.8
KS,"Riley",54.3,91,0.7,53.6
KS,"Rooks",53.7,82,0.6,53.1
KS,"Rush",54.2,66,0.2,54
KS,"Russell",54.6,89,0.7,53.9
KS,"Saline",55.7,97,1.2,54.5
KS,"Scott",54.4,109,1.8,52.6
KS,"Sedgwick",57.1,92,0.8,56.3
KS,"Seward",56.3,91,0.9,55.4
KS,"Shawnee",55.2,102,1.2,54
KS,"Sheridan",53.3,103,1.4,51.9
KS,"Sherman",52.8,114,2.3,50.5
KS,"Smith",53.0,90,0.8,52.2
KS,"Stafford",54.7,49,-0.1,54.8
KS,"Stanton",55.6,102,1.1,54.5
KS,"Stevens",56.2,100,1.1,55.1
KS,"Sumner",57.8,89,0.6,57.2
KS,"Thomas",53.0,111,1.8,51.2
KS,"Trego",53.9,80,0.7,53.2
KS,"Wabaunsee",55.0,103,1.2,53.8
KS,"Wallace",53.4,109,2.0,51.4
KS,"Washington",53.3,96,1.0,52.3
KS,"Wichita",53.9,103,1.6,52.3
KS,"Wilson",57.3,84,0.4,56.9
KS,"Woodson",56.4,88,0.5,55.9
KS,"Wyandotte",54.9,90,0.8,54.1
KY,"Adair",57.9,117,2.2,55.7
KY,"Allen",58.1,92,0.8,57.3
KY,"Anderson",56.2,104,1.6,54.6
KY,"Ballard",58.3,94,1.1,57.2
KY,"Barren",57.8,95,0.9,56.9
KY,"Bath",55.4,99,1.0,54.4
KY,"Bell",55.4,90,0.8,54.6
KY,"Boone",55.5,115,2.1,53.4
KY,"Bourbon",55.5,102,1.5,54
KY,"Boyd",56.0,112,1.9,54.1
KY,"Boyle",55.9,97,1.2,54.7
KY,"Bracken",55.2,106,1.8,53.4
KY,"Breathitt",57.1,109,1.5,55.6
KY,"Breckinridge",55.8,76,0.5,55.3
KY,"Bullitt",56.8,101,1.4,55.4
KY,"Butler",57.8,95,1.0,56.8
KY,"Caldwell",57.9,85,0.7,57.2
KY,"Calloway",58.2,76,0.3,57.9
KY,"Campbell",55.5,108,1.9,53.6
KY,"Carlisle",58.4,91,0.9,57.5
KY,"Carroll",56.4,115,2.2,54.2
KY,"Carter",55.1,103,1.6,53.5
KY,"Casey",56.6,113,1.8,54.8
KY,"Christian",58.6,101,1.3,57.3
KY,"Clark",55.8,103,1.4,54.4
KY,"Clay",57.0,113,1.7,55.3
KY,"Clinton",58.2,118,2.3,55.9
KY,"Crittenden",57.4,79,0.6,56.8
KY,"Cumberland",58.6,115,2.0,56.6
KY,"Daviess",56.6,74,0.4,56.2
KY,"Edmonson",57.9,102,1.4,56.5
KY,"Elliott",55.3,102,1.3,54
KY,"Estill",56.6,99,1.2,55.4
KY,"Fayette",55.5,101,1.4,54.1
KY,"Fleming",54.9,96,1.0,53.9
KY,"Floyd",57.2,111,1.6,55.6
KY,"Franklin",56.4,108,2.0,54.4
KY,"Fulton",58.6,77,0.4,58.2
KY,"Gallatin",56.3,114,2.3,54
KY,"Garrard",56.2,96,1.3,54.9
KY,"Grant",55.8,111,2.1,53.7
KY,"Graves",58.3,84,0.6,57.7
KY,"Grayson",56.9,98,1.2,55.7
KY,"Green",57.6,110,1.6,56
KY,"Greenup",55.4,111,2.0,53.4
KY,"Hancock",55.7,49,-0.2,55.9
KY,"Hardin",56.4,98,1.2,55.2
KY,"Harlan",54.7,101,1.1,53.6
KY,"Harrison",55.6,105,1.8,53.8
KY,"Hart",57.4,101,1.3,56.1
KY,"Henderson",56.8,74,0.3,56.5
KY,"Henry",56.1,112,2.0,54.1
KY,"Hickman",58.4,83,0.6,57.8
KY,"Hopkins",58.1,92,1.1,57
KY,"Jackson",56.2,107,1.5,54.7
KY,"Jefferson",57.0,107,1.7,55.3
KY,"Jessamine",55.9,101,1.4,54.5
KY,"Johnson",56.6,111,1.7,54.9
KY,"Kenton",55.4,115,2.0,53.4
KY,"Knott",56.5,110,1.5,55
KY,"Knox",56.8,107,1.5,55.3
KY,"Larue",56.5,97,1.2,55.3
KY,"Laurel",56.8,112,1.7,55.1
KY,"Lawrence",56.3,113,1.9,54.4
KY,"Lee",56.9,101,1.2,55.7
KY,"Leslie",56.4,108,1.5,54.9
KY,"Letcher",55.6,108,1.3,54.3
KY,"Lewis",54.8,104,1.4,53.4
KY,"Lincoln",56.1,102,1.4,54.7
KY,"Livingston",57.9,84,0.8,57.1
KY,"Logan",58.0,87,0.8,57.2
KY,"Lyon",58.1,82,0.6,57.5
KY,"McCracken",58.4,93,1.2,57.2
KY,"McCreary",57.0,115,1.8,55.2
KY,"McLean",57.5,88,0.9,56.6
KY,"Madison",56.3,97,1.2,55.1
KY,"Magoffin",56.6,111,1.6,55
KY,"Marion",56.5,101,1.2,55.3
KY,"Marshall",58.4,81,0.7,57.7
KY,"Martin",57.0,111,1.7,55.3
KY,"Mason",54.9,103,1.6,53.3
KY,"Meade",55.8,87,0.7,55.1
KY,"Menifee",55.4,92,0.9,54.5
KY,"Mercer",56.0,100,1.3,54.7
KY,"Metcalfe",57.4,100,1.3,56.1
KY,"Monroe",57.7,92,1.0,56.7
KY,"Montgomery",55.6,102,1.3,54.3
KY,"Morgan",55.8,102,1.1,54.7
KY,"Muhlenberg",57.8,89,0.8,57
KY,"Nelson",56.5,99,1.2,55.3
KY,"Nicholas",55.3,101,1.5,53.8
KY,"Ohio",57.0,87,0.8,56.2
KY,"Oldham",56.1,106,1.7,54.4
KY,"Owen",56.2,113,2.1,54.1
KY,"Owsley",57.2,109,1.5,55.7
KY,"Pendleton",55.7,108,1.9,53.8
KY,"Perry",56.8,109,1.5,55.3
KY,"Pike",57.0,110,1.5,55.5
KY,"Powell",56.2,100,1.1,55.1
KY,"Pulaski",57.2,117,1.9,55.3
KY,"Robertson",55.3,105,1.7,53.6
KY,"Rockcastle",56.3,105,1.5,54.8
KY,"Rowan",54.6,77,0.5,54.1
KY,"Russell",58.0,119,2.4,55.6
KY,"Scott",55.7,106,1.8,53.9
KY,"Shelby",56.0,107,1.8,54.2
KY,"Simpson",58.3,95,1.1,57.2
KY,"Spencer",56.4,103,1.5,54.9
KY,"Taylor",57.0,109,1.6,55.4
KY,"Todd",58.4,100,1.2,57.2
KY,"Trigg",58.5,88,0.9,57.6
KY,"Trimble",56.0,113,1.9,54.1
KY,"Union",56.7,60,0.1,56.6
KY,"Warren",58.5,101,1.3,57.2
KY,"Washington",56.2,100,1.2,55
KY,"Wayne",57.7,118,2.3,55.4
KY,"Webster",57.4,82,0.6,56.8
KY,"Whitley",56.9,105,1.5,55.4
KY,"Wolfe",56.2,97,1.2,55
KY,"Woodford",56.0,104,1.6,54.4
LA,"Acadia Parish",68.9,100,0.8,68.1
LA,"Allen Parish",67.9,98,0.7,67.2
LA,"Ascension Parish",69.8,122,2.2,67.6
LA,"Assumption Parish",70.4,123,2.3,68.1
LA,"Avoyelles Parish",67.4,97,0.7,66.7
LA,"Beauregard Parish",68.0,112,1.3,66.7
LA,"Bienville Parish",65.5,106,1.5,64
LA,"Bossier Parish",65.6,102,1.2,64.4
LA,"Caddo Parish",65.7,98,1.0,64.7
LA,"Calcasieu Parish",69.1,112,1.4,67.7
LA,"Caldwell Parish",65.7,93,0.9,64.8
LA,"Cameron Parish",70.0,115,1.6,68.4
LA,"Catahoula Parish",66.0,71,0.3,65.7
LA,"Claiborne Parish",64.2,91,0.7,63.5
LA,"Concordia Parish",66.3,70,0.2,66.1
LA,"De Soto Parish",65.8,99,0.9,64.9
LA,"East Baton Rouge Parish",69.2,121,2.1,67.1
LA,"East Carroll Parish",65.1,92,1.0,64.1
LA,"East Feliciana Parish",68.3,120,2.1,66.2
LA,"Evangeline Parish",67.9,96,0.7,67.2
LA,"Franklin Parish",65.5,82,0.5,65
LA,"Grant Parish",66.4,93,0.8,65.6
LA,"Iberia Parish",69.9,117,1.7,68.2
LA,"Iberville Parish",69.6,120,2.0,67.6
LA,"Jackson Parish",65.4,109,1.5,63.9
LA,"Jefferson Parish",70.8,120,2.0,68.8
LA,"Jefferson Davis Parish",69.0,107,0.8,68.2
LA,"Lafayette Parish",69.2,112,1.3,67.9
LA,"Lafourche Parish",71.1,122,2.3,68.8
LA,"La Salle Parish",66.3,95,0.7,65.6
LA,"Lincoln Parish",65.1,110,1.5,63.6
LA,"Livingston Parish",69.3,122,2.2,67.1
LA,"Madison Parish",65.5,90,0.8,64.7
LA,"Morehouse Parish",65.2,104,1.4,63.8
LA,"Natchitoches Parish",66.4,102,1.1,65.3
LA,"Orleans Parish",70.4,123,2.3,68.1
LA,"Ouachita Parish",65.3,97,1.1,64.2
LA,"Plaquemines Parish",70.9,120,2.0,68.9
LA,"Pointe Coupee Parish",68.8,118,1.6,67.2
LA,"Rapides Parish",67.2,96,0.9,66.3
LA,"Red River Parish",66.1,106,1.4,64.7
LA,"Richland Parish",65.4,90,0.8,64.6
LA,"Sabine Parish",66.6,111,1.5,65.1
LA,"St. Bernard Parish",70.3,122,2.1,68.2
LA,"St. Charles Parish",70.7,121,2.3,68.4
LA,"St. Helena Parish",68.2,121,2.3,65.9
LA,"St. James Parish",70.2,123,2.3,67.9
LA,"St. John the Baptist Parish",70.3,123,2.4,67.9
LA,"St. Landry Parish",68.4,106,1.1,67.3
LA,"St. Martin Parish",69.7,117,1.8,67.9
LA,"St. Mary Parish",70.6,123,2.3,68.3
LA,"St. Tammany Parish",69.1,123,2.3,66.8
LA,"Tangipahoa Parish",68.7,123,2.3,66.4
LA,"Tensas Parish",65.5,66,0.2,65.3
LA,"Terrebonne Parish",71.5,122,2.6,68.9
LA,"Union Parish",65.0,108,1.4,63.6
LA,"Vermilion Parish",69.9,115,1.5,68.4
LA,"Vernon Parish",67.2,111,1.4,65.8
LA,"Washington Parish",67.9,120,2.0,65.9
LA,"Webster Parish",65.0,98,0.9,64.1
LA,"West Baton Rouge Parish",69.4,120,2.0,67.4
LA,"West Carroll Parish",65.1,95,1.1,64
LA,"West Feliciana Parish",68.3,119,1.7,66.6
LA,"Winn Parish",66.0,105,1.2,64.8
ME,"Androscoggin",45.7,115,2.6,43.1
ME,"Aroostook",39.8,111,2.0,37.8
ME,"Cumberland",46.5,115,2.7,43.8
ME,"Franklin",40.8,114,2.4,38.4
ME,"Hancock",45.5,115,2.5,43
ME,"Kennebec",45.6,115,2.7,42.9
ME,"Knox",45.7,114,2.4,43.3
ME,"Lincoln",46.1,115,2.6,43.5
ME,"Oxford",43.1,116,2.7,40.4
ME,"Penobscot",43.7,118,2.5,41.2
ME,"Piscataquis",40.7,114,2.4,38.3
ME,"Sagadahoc",46.4,114,2.5,43.9
ME,"Somerset",40.8,113,2.2,38.6
ME,"Waldo",45.2,116,2.5,42.7
ME,"Washington",45.1,119,3.1,42
ME,"York",47.1,115,2.5,44.6
MD,"Allegany",53.3,115,2.0,51.3
MD,"Anne Arundel",58.3,120,2.9,55.4
MD,"Baltimore",56.0,119,3.0,53
MD,"Calvert",58.4,119,2.8,55.6
MD,"Caroline",57.7,120,3.1,54.6
MD,"Carroll",54.6,119,2.8,51.8
MD,"Cecil",56.1,118,2.8,53.3
MD,"Charles",58.6,119,2.9,55.7
MD,"Dorchester",58.8,120,3.2,55.6
MD,"Frederick",55.0,117,2.6,52.4
MD,"Garrett",49.8,120,2.6,47.2
MD,"Harford",56.0,118,2.8,53.2
MD,"Howard",55.8,119,2.9,52.9
MD,"Kent",57.0,117,2.4,54.6
MD,"Montgomery",56.2,116,2.7,53.5
MD,"Prince George's",57.8,119,2.8,55
MD,"Queen Anne's",57.2,117,2.5,54.7
MD,"St. Mary's",58.7,119,2.7,56
MD,"Somerset",59.3,120,3.2,56.1
MD,"Talbot",58.2,119,2.7,55.5
MD,"Washington",54.6,117,2.5,52.1
MD,"Wicomico",58.9,120,3.5,55.4
MD,"Worcester",58.9,120,3.3,55.6
MD,"Baltimore City",58.1,121,3.3,54.8
MD,"Washington, D.C.",57.9,119,2.8,55.1
MA,"Barnstable",52.2,120,3.2,49
MA,"Berkshire",46.9,117,2.8,44.1
MA,"Bristol",52.2,121,3.2,49
MA,"Dukes",52.5,119,3.1,49.4
MA,"Essex",50.3,118,2.8,47.5
MA,"Franklin",48.6,120,3.3,45.3
MA,"Hampden",49.7,119,2.8,46.9
MA,"Hampshire",49.1,118,2.7,46.4
MA,"Middlesex",51.0,121,3.4,47.6
MA,"Nantucket",52.0,122,3.4,48.6
MA,"Norfolk",51.8,121,3.6,48.2
MA,"Plymouth",52.3,121,3.4,48.9
MA,"Suffolk",52.3,121,3.8,48.5
MA,"Worcester",49.5,120,3.3,46.2
MI,"Alcona",44.6,106,2.1,42.5
MI,"Alger",41.1,91,0.9,40.2
MI,"Allegan",49.6,105,1.8,47.8
MI,"Alpena",44.7,107,2.4,42.3
MI,"Antrim",44.8,104,2.1,42.7
MI,"Arenac",47.1,111,2.7,44.4
MI,"Baraga",39.9,99,1.7,38.2
MI,"Barry",48.7,103,1.8,46.9
MI,"Bay",48.5,115,2.9,45.6
MI,"Benzie",45.7,111,2.9,42.8
MI,"Berrien",50.5,108,1.9,48.6
MI,"Branch",49.1,102,1.6,47.5
MI,"Calhoun",48.9,104,1.9,47
MI,"Cass",49.9,110,2.1,47.8
MI,"Charlevoix",44.6,101,1.8,42.8
MI,"Cheboygan",43.8,101,1.8,42
MI,"Chippewa",41.5,102,1.8,39.7
MI,"Clare",45.9,111,2.5,43.4
MI,"Clinton",48.6,108,2.0,46.6
MI,"Crawford",43.8,103,1.9,41.9
MI,"Delta",42.2,93,1.2,41
MI,"Dickinson",41.0,100,1.6,39.4
MI,"Eaton",48.6,107,1.9,46.7
MI,"Emmet",44.0,103,2.1,41.9
MI,"Genesee",48.8,116,2.6,46.2
MI,"Gladwin",46.9,111,2.5,44.4
MI,"Gogebic",39.5,91,1.1,38.4
MI,"Grand Traverse",45.6,110,2.9,42.7
MI,"Gratiot",48.6,115,2.6,46
MI,"Hillsdale",48.9,106,1.9,47
MI,"Houghton",41.3,106,2.1,39.2
MI,"Huron",47.5,115,2.8,44.7
MI,"Ingham",48.5,110,2.1,46.4
MI,"Ionia",48.3,105,1.9,46.4
MI,"Iosco",46.0,112,2.6,43.4
MI,"Iron",39.4,99,1.5,37.9
MI,"Isabella",47.6,115,2.8,44.8
MI,"Jackson",48.6,106,2.0,46.6
MI,"Kalamazoo",49.5,107,2.0,47.5
MI,"Kalkaska",44.5,107,2.3,42.2
MI,"Kent",48.2,103,1.9,46.3
MI,"Keweenaw",41.1,108,2.4,38.7
MI,"Lake",46.0,103,2.0,44
MI,"Lapeer",48.8,116,2.9,45.9
MI,"Leelanau",45.6,110,2.8,42.8
MI,"Lenawee",50.0,110,2.2,47.8
MI,"Livingston",48.6,115,2.5,46.1
MI,"Luce",40.7,97,1.3,39.4
MI,"Mackinac",42.0,101,1.7,40.3
MI,"Macomb",50.5,117,2.9,47.6
MI,"Manistee",46.1,111,2.5,43.6
MI,"Marquette",40.2,96,1.4,38.8
MI,"Mason",46.6,108,2.0,44.6
MI,"Mecosta",46.4,109,2.1,44.3
MI,"Menominee",42.8,98,1.4,41.4
MI,"Midland",48.4,115,2.8,45.6
MI,"Missaukee",44.7,109,2.4,42.3
MI,"Monroe",51.5,117,2.8,48.7
MI,"Montcalm",47.5,112,2.3,45.2
MI,"Montmorency",43.8,100,1.8,42
MI,"Muskegon",48.4,108,2.3,46.1
MI,"Newaygo",47.0,105,2.0,45
MI,"Oakland",49.4,116,2.9,46.5
MI,"Oceana",47.1,108,2.2,44.9
MI,"Ogemaw",45.4,112,2.6,42.8
MI,"Ontonagon",40.8,99,1.6,39.2
MI,"Osceola",45.2,109,2.2,43
MI,"Oscoda",44.2,106,2.2,42
MI,"Otsego",43.0,100,1.6,41.4
MI,"Ottawa",49.1,106,1.9,47.2
MI,"Presque Isle",44.1,102,2.0,42.1
MI,"Roscommon",45.0,112,2.6,42.4
MI,"Saginaw",48.9,116,2.7,46.2
MI,"St. Clair",49.9,117,2.9,47
MI,"St. Joseph",49.6,103,1.7,47.9
MI,"Sanilac",48.3,114,2.8,45.5
MI,"Schoolcraft",41.7,90,1.0,40.7
MI,"Shiawassee",48.5,109,2.1,46.4
MI,"Tuscola",48.5,116,2.8,45.7
MI,"Van Buren",50.0,108,2.0,48
MI,"Washtenaw",49.3,115,2.5,46.8
MI,"Wayne",51.0,116,2.8,48.2
MI,"Wexford",45.0,110,2.5,42.5
MN,"Aitkin",40.3,98,1.7,38.6
MN,"Anoka",44.6,101,1.5,43.1
MN,"Becker",39.5,83,0.7,38.8
MN,"Beltrami",38.4,86,1.2,37.2
MN,"Benton",42.9,99,1.7,41.2
MN,"Big Stone",44.0,98,1.5,42.5
MN,"Blue Earth",45.2,73,0.6,44.6
MN,"Brown",45.6,93,1.2,44.4
MN,"Carlton",39.6,91,1.3,38.3
MN,"Carver",45.0,96,1.4,43.6
MN,"Cass",40.4,99,1.7,38.7
MN,"Chippewa",44.5,97,1.5,43
MN,"Chisago",43.8,98,1.4,42.4
MN,"Clay",40.9,81,0.7,40.2
MN,"Clearwater",38.2,78,0.5,37.7
MN,"Cook",36.5,94,1.2,35.3
MN,"Cottonwood",45.3,102,1.6,43.7
MN,"Crow Wing",41.7,105,2.2,39.5
MN,"Dakota",45.6,97,1.4,44.2
MN,"Dodge",44.1,89,1.1,43
MN,"Douglas",41.8,99,1.6,40.2
MN,"Faribault",45.3,77,0.6,44.7
MN,"Fillmore",44.3,82,0.7,43.6
MN,"Freeborn",44.9,90,0.9,44
MN,"Goodhue",44.9,93,1.3,43.6
MN,"Grant",42.9,99,1.9,41
MN,"Hennepin",45.2,102,1.7,43.5
MN,"Houston",46.2,98,1.4,44.8
MN,"Hubbard",39.6,87,1.3,38.3
MN,"Isanti",43.7,99,1.5,42.2
MN,"Itasca",38.7,92,1.5,37.2
MN,"Jackson",45.2,97,1.2,44
MN,"Kanabec",42.4,103,1.8,40.6
MN,"Kandiyohi",43.6,97,1.5,42.1
MN,"Kittson",39.3,105,2.6,36.7
MN,"Koochiching",37.8,86,1.3,36.5
MN,"Lac qui Parle",44.4,88,1.1,43.3
MN,"Lake",37.2,93,1.3,35.9
MN,"Lake of the Woods",38.0,96,1.8,36.2
MN,"Le Sueur",44.8,75,0.6,44.2
MN,"Lincoln",43.7,84,1.0,42.7
MN,"Lyon",44.5,81,0.8,43.7
MN,"McLeod",44.7,98,1.4,43.3
MN,"Mahnomen",38.5,69,0.2,38.3
MN,"Marshall",38.7,87,1.3,37.4
MN,"Martin",45.4,86,1.0,44.4
MN,"Meeker",43.4,90,1.1,42.3
MN,"Mille Lacs",42.6,103,2.0,40.6
MN,"Morrison",42.3,98,1.7,40.6
MN,"Mower",44.3,90,1.1,43.2
MN,"Murray",43.9,78,0.6,43.3
MN,"Nicollet",45.2,79,0.8,44.4
MN,"Nobles",44.5,74,0.6,43.9
MN,"Norman",39.6,58,0.0,39.6
MN,"Olmsted",44.1,85,0.9,43.2
MN,"Otter Tail",41.1,89,1.3,39.8
MN,"Pennington",38.0,67,0.2,37.8
MN,"Pine",41.7,105,1.9,39.8
MN,"Pipestone",44.1,86,0.9,43.2
MN,"Polk",39.0,69,0.2,38.8
MN,"Pope",43.0,103,2.0,41
MN,"Ramsey",45.4,100,1.6,43.8
MN,"Red Lake",38.3,56,-0.1,38.4
MN,"Redwood",45.1,89,1.0,44.1
MN,"Renville",44.7,89,1.1,43.6
MN,"Rice",44.7,84,0.9,43.8
MN,"Rock",45.5,97,1.3,44.2
MN,"Roseau",38.5,103,2.3,36.2
MN,"St. Louis",38.0,95,1.4,36.6
MN,"Scott",45.4,90,1.2,44.2
MN,"Sherburne",43.5,93,1.4,42.1
MN,"Sibley",45.3,98,1.3,44
MN,"Stearns",42.8,96,1.5,41.3
MN,"Steele",44.5,89,1.0,43.5
MN,"Stevens",43.4,100,1.8,41.6
MN,"Swift",44.1,102,1.8,42.3
MN,"Todd",41.6,97,1.5,40.1
MN,"Traverse",43.7,97,1.7,42
MN,"Wabasha",44.6,77,0.7,43.9
MN,"Wadena",40.8,94,1.5,39.3
MN,"Waseca",44.6,74,0.6,44
MN,"Washington",45.1,96,1.5,43.6
MN,"Watonwan",45.9,102,1.5,44.4
MN,"Wilkin",42.5,94,1.4,41.1
MN,"Winona",45.2,88,1.1,44.1
MN,"Wright",44.0,96,1.4,42.6
MN,"Yellow Medicine",44.7,87,1.0,43.7
MS,"Adams",66.0,78,0.4,65.6
MS,"Alcorn",61.0,99,1.0,60
MS,"Amite",67.3,120,1.9,65.4
MS,"Attala",63.5,92,0.9,62.6
MS,"Benton",61.0,86,0.7,60.3
MS,"Bolivar",63.7,95,0.9,62.8
MS,"Calhoun",63.0,92,0.8,62.2
MS,"Carroll",64.3,112,1.6,62.7
MS,"Chickasaw",63.6,106,1.3,62.3
MS,"Choctaw",63.1,96,1.0,62.1
MS,"Claiborne",65.8,91,0.8,65
MS,"Clarke",66.5,122,2.3,64.2
MS,"Clay",64.4,113,1.7,62.7
MS,"Coahoma",63.4,100,1.1,62.3
MS,"Copiah",66.3,112,1.5,64.8
MS,"Covington",66.5,116,1.7,64.8
MS,"DeSoto",62.0,79,0.4,61.6
MS,"Forrest",67.1,111,1.6,65.5
MS,"Franklin",66.3,110,1.1,65.2
MS,"George",67.6,113,1.7,65.9
MS,"Greene",67.1,113,1.6,65.5
MS,"Grenada",63.6,96,1.1,62.5
MS,"Hancock",68.5,122,2.0,66.5
MS,"Harrison",67.9,114,1.5,66.4
MS,"Hinds",66.4,118,1.8,64.6
MS,"Holmes",65.3,116,1.9,63.4
MS,"Humphreys",66.1,120,2.1,64
MS,"Issaquena",65.5,104,1.3,64.2
MS,"Itawamba",62.8,104,1.4,61.4
MS,"Jackson",68.4,119,1.9,66.5
MS,"Jasper",66.2,120,2.2,64
MS,"Jefferson",65.6,84,0.5,65.1
MS,"Jefferson Davis",66.6,117,1.7,64.9
MS,"Jones",66.7,115,1.7,65
MS,"Kemper",65.3,121,2.1,63.2
MS,"Lafayette",62.1,75,0.3,61.8
MS,"Lamar",67.1,113,1.6,65.5
MS,"Lauderdale",66.4,123,2.8,63.6
MS,"Lawrence",66.9,117,1.8,65.1
MS,"Leake",64.3,105,1.2,63.1
MS,"Lee",63.3,112,1.5,61.8
MS,"Leflore",65.5,121,2.3,63.2
MS,"Lincoln",66.6,117,1.7,64.9
MS,"Lowndes",64.7,113,1.7,63
MS,"Madison",65.6,109,1.5,64.1
MS,"Marion",67.4,115,1.7,65.7
MS,"Marshall",61.4,81,0.4,61
MS,"Monroe",63.8,106,1.4,62.4
MS,"Montgomery",62.8,86,0.5,62.3
MS,"Neshoba",64.6,118,1.9,62.7
MS,"Newton",65.9,123,2.6,63.3
MS,"Noxubee",64.9,117,1.8,63.1
MS,"Oktibbeha",64.5,112,1.9,62.6
MS,"Panola",62.5,76,0.4,62.1
MS,"Pearl River",67.6,119,1.8,65.8
MS,"Perry",67.1,111,1.6,65.5
MS,"Pike",67.6,122,2.3,65.3
MS,"Pontotoc",62.9,101,1.1,61.8
MS,"Prentiss",62.0,107,1.3,60.7
MS,"Quitman",63.3,94,1.0,62.3
MS,"Rankin",65.8,116,1.7,64.1
MS,"Scott",65.1,117,1.8,63.3
MS,"Sharkey",65.7,112,1.5,64.2
MS,"Simpson",66.2,118,1.8,64.4
MS,"Smith",66.0,120,1.9,64.1
MS,"Stone",67.2,111,1.4,65.8
MS,"Sunflower",64.8,113,1.6,63.2
MS,"Tallahatchie",64.1,109,1.4,62.7
MS,"Tate",62.0,74,0.2,61.8
MS,"Tippah",61.2,96,1.0,60.2
MS,"Tishomingo",61.3,104,1.2,60.1
MS,"Tunica",62.6,87,0.6,62
MS,"Union",62.3,97,1.1,61.2
MS,"Walthall",67.5,122,2.0,65.5
MS,"Warren",66.2,112,1.5,64.7
MS,"Washington",64.7,99,1.0,63.7
MS,"Wayne",66.4,115,1.5,64.9
MS,"Webster",63.0,93,0.9,62.1
MS,"Wilkinson",67.0,103,1.1,65.9
MS,"Winston",64.0,111,1.6,62.4
MS,"Yalobusha",62.8,84,0.6,62.2
MS,"Yazoo",66.2,117,1.8,64.4
MO,"Adair",52.0,92,0.9,51.1
MO,"Andrew",52.8,84,0.5,52.3
MO,"Atchison",52.5,94,1.0,51.5
MO,"Audrain",53.6,83,0.4,53.2
MO,"Barry",57.1,90,0.8,56.3
MO,"Barton",56.7,60,-0.1,56.8
MO,"Bates",56.1,84,0.5,55.6
MO,"Benton",55.6,90,0.6,55
MO,"Bollinger",56.4,74,0.3,56.1
MO,"Boone",54.8,91,0.7,54.1
MO,"Buchanan",53.5,80,0.5,53
MO,"Butler",58.2,72,0.2,58
MO,"Caldwell",53.1,89,0.7,52.4
MO,"Callaway",55.0,91,0.8,54.2
MO,"Camden",56.9,106,1.5,55.4
MO,"Cape Girardeau",56.9,86,0.8,56.1
MO,"Carroll",53.5,74,0.2,53.3
MO,"Carter",57.1,95,1.0,56.1
MO,"Cass",55.4,99,1.1,54.3
MO,"Cedar",56.8,84,0.6,56.2
MO,"Chariton",53.8,86,0.5,53.3
MO,"Christian",56.2,92,0.8,55.4
MO,"Clark",51.8,73,0.1,51.7
MO,"Clay",54.0,82,0.6,53.4
MO,"Clinton",53.0,83,0.7,52.3
MO,"Cole",56.1,94,1.0,55.1
MO,"Cooper",54.8,89,0.7,54.1
MO,"Crawford",54.7,86,0.5,54.2
MO,"Dade",56.7,82,0.5,56.2
MO,"Dallas",56.0,92,0.8,55.2
MO,"Daviess",52.4,82,0.4,52
MO,"DeKalb",52.4,81,0.4,52
MO,"Dent",54.8,75,0.3,54.5
MO,"Douglas",56.3,92,0.9,55.4
MO,"Dunklin",59.6,77,0.5,59.1
MO,"Franklin",55.1,91,0.7,54.4
MO,"Gasconade",55.0,89,0.7,54.3
MO,"Gentry",52.3,94,0.9,51.4
MO,"Greene",56.1,92,0.8,55.3
MO,"Grundy",52.3,79,0.2,52.1
MO,"Harrison",51.9,93,0.9,51
MO,"Henry",55.8,87,0.5,55.3
MO,"Hickory",56.1,89,0.7,55.4
MO,"Holt",53.1,85,0.7,52.4
MO,"Howard",54.5,91,0.8,53.7
MO,"Howell",56.9,102,1.4,55.5
MO,"Iron",54.7,78,0.4,54.3
MO,"Jackson",54.8,93,0.9,53.9
MO,"Jasper",57.5,82,0.5,57
MO,"Jefferson",56.2,98,1.1,55.1
MO,"Johnson",55.2,99,1.2,54
MO,"Knox",51.8,79,0.4,51.4
MO,"Laclede",56.3,100,1.1,55.2
MO,"Lafayette",54.4,88,0.8,53.6
MO,"Lawrence",56.5,83,0.6,55.9
MO,"Lewis",52.2,59,-0.1,52.3
MO,"Lincoln",54.4,92,0.8,53.6
MO,"Linn",52.7,79,0.2,52.5
MO,"Livingston",52.9,72,0.1,52.8
MO,"McDonald",58.5,104,1.2,57.3
MO,"Macon",52.9,91,0.8,52.1
MO,"Madison",55.2,67,0.1,55.1
MO,"Maries",56.1,97,1.0,55.1
MO,"Marion",53.0,77,0.2,52.8
MO,"Mercer",51.2,77,0.2,51
MO,"Miller",56.8,106,1.6,55.2
MO,"Mississippi",58.4,82,0.6,57.8
MO,"Moniteau",55.4,93,0.8,54.6
MO,"Monroe",53.4,84,0.5,52.9
MO,"Montgomery",54.3,89,0.7,53.6
MO,"Morgan",55.3,91,0.8,54.5
MO,"New Madrid",58.8,72,0.3,58.5
MO,"Newton",58.2,104,1.2,57
MO,"Nodaway",52.2,99,1.2,51
MO,"Oregon",57.8,111,1.7,56.1
MO,"Osage",55.8,91,0.9,54.9
MO,"Ozark",57.0,87,0.8,56.2
MO,"Pemiscot",60.0,89,0.7,59.3
MO,"Perry",55.9,83,0.5,55.4
MO,"Pettis",54.7,84,0.5,54.2
MO,"Phelps",55.8,87,0.8,55
MO,"Pike",53.5,78,0.5,53
MO,"Platte",54.4,91,0.9,53.5
MO,"Polk",56.4,96,0.9,55.5
MO,"Pulaski",56.8,105,1.4,55.4
MO,"Putnam",50.9,72,-0.0,50.9
MO,"Ralls",53.4,82,0.4,53
MO,"Randolph",54.0,96,1.0,53
MO,"Ray",53.8,86,0.6,53.2
MO,"Reynolds",55.5,89,0.7,54.8
MO,"Ripley",58.0,91,0.8,57.2
MO,"St. Charles",55.6,94,0.9,54.7
MO,"St. Clair",56.2,73,0.2,56
MO,"Ste. Genevieve",55.6,80,0.4,55.2
MO,"St. Francois",55.1,85,0.5,54.6
MO,"St. Louis",56.1,93,0.9,55.2
MO,"Saline",54.4,86,0.6,53.8
MO,"Schuyler",51.5,89,0.7,50.8
MO,"Scotland",51.6,85,0.5,51.1
MO,"Scott",58.1,87,0.8,57.3
MO,"Shannon",56.5,97,1.2,55.3
MO,"Shelby",52.3,72,0.1,52.2
MO,"Stoddard",58.1,72,0.2,57.9
MO,"Stone",57.0,84,0.7,56.3
MO,"Sullivan",51.6,73,0.1,51.5
MO,"Taney",57.3,91,0.7,56.6
MO,"Texas",55.6,87,0.7,54.9
MO,"Vernon",56.4,66,-0.1,56.5
MO,"Warren",54.8,95,1.1,53.7
MO,"Washington",54.9,87,0.7,54.2
MO,"Wayne",56.6,74,0.3,56.3
MO,"Webster",55.2,86,0.7,54.5
MO,"Worth",51.8,100,1.4,50.4
MO,"Wright",55.5,87,0.7,54.8
MO,"St. Louis City",56.4,92,0.9,55.5
MT,"Beaverhead",38.7,111,1.9,36.8
MT,"Big Horn",45.9,104,1.9,44
MT,"Blaine",42.3,84,1.1,41.2
MT,"Broadwater",43.5,104,1.8,41.7
MT,"Carbon",43.4,107,2.1,41.3
MT,"Carter",44.7,102,1.9,42.8
MT,"Cascade",43.1,84,0.9,42.2
MT,"Chouteau",43.6,81,0.8,42.8
MT,"Custer",45.9,99,1.9,44
MT,"Daniels",39.0,81,0.9,38.1
MT,"Dawson",43.9,97,1.8,42.1
MT,"Deer Lodge",39.0,113,2.2,36.8
MT,"Fallon",44.1,96,1.5,42.6
MT,"Fergus",43.9,86,0.9,43
MT,"Flathead",41.0,111,2.2,38.8
MT,"Gallatin",40.6,112,1.9,38.7
MT,"Garfield",44.4,95,1.5,42.9
MT,"Glacier",39.9,98,1.9,38
MT,"Golden Valley",44.2,79,0.7,43.5
MT,"Granite",40.1,115,2.1,38
MT,"Hill",41.5,85,1.2,40.3
MT,"Jefferson",41.9,111,2.2,39.7
MT,"Judith Basin",41.7,88,1.0,40.7
MT,"Lake",44.6,113,2.2,42.4
MT,"Lewis and Clark",41.6,102,1.9,39.7
MT,"Liberty",41.6,85,1.2,40.4
MT,"Lincoln",42.8,116,2.5,40.3
MT,"McCone",43.5,98,1.9,41.6
MT,"Madison",40.3,108,1.7,38.6
MT,"Meagher",40.5,106,2.0,38.5
MT,"Mineral",42.8,108,1.6,41.2
MT,"Missoula",42.2,109,1.9,40.3
MT,"Musselshell",45.8,93,1.1,44.7
MT,"Park",39.8,109,2.1,37.7
MT,"Petroleum",46.1,91,1.2,44.9
MT,"Phillips",42.7,76,0.8,41.9
MT,"Pondera",41.9,94,1.6,40.3
MT,"Powder River",46.1,101,1.8,44.3
MT,"Powell",40.5,111,2.2,38.3
MT,"Prairie",44.8,98,1.8,43
MT,"Ravalli",40.9,107,1.6,39.3
MT,"Richland",43.1,98,1.8,41.3
MT,"Roosevelt",41.6,91,1.6,40
MT,"Rosebud",45.5,96,1.4,44.1
MT,"Sanders",43.5,101,1.5,42
MT,"Sheridan",40.4,92,1.8,38.6
MT,"Silver Bow",40.7,114,2.4,38.3
MT,"Stillwater",43.4,88,0.8,42.6
MT,"Sweet Grass",43.0,99,1.4,41.6
MT,"Teton",42.2,99,1.8,40.4
MT,"Toole",42.0,91,1.4,40.6
MT,"Treasure",46.0,96,1.4,44.6
MT,"Valley",41.1,82,1.0,40.1
MT,"Wheatland",43.1,93,1.3,41.8
MT,"Wibaux",43.3,86,1.0,42.3
MT,"Yellowstone",46.3,92,1.0,45.3
NE,"Adams",51.7,103,1.6,50.1
NE,"Antelope",48.5,84,0.8,47.7
NE,"Arthur",49.2,107,1.9,47.3
NE,"Banner",48.7,112,2.1,46.6
NE,"Blaine",49.1,90,0.9,48.2
NE,"Boone",49.4,101,1.4,48
NE,"Box Butte",47.8,110,1.7,46.1
NE,"Boyd",48.7,88,0.9,47.8
NE,"Brown",49.3,108,1.7,47.6
NE,"Buffalo",50.9,107,1.6,49.3
NE,"Burt",49.8,101,1.3,48.5
NE,"Butler",50.2,90,0.8,49.4
NE,"Cass",51.6,95,1.1,50.5
NE,"Cedar",48.5,99,1.3,47.2
NE,"Chase",51.8,114,2.0,49.8
NE,"Cherry",48.6,108,2.0,46.6
NE,"Cheyenne",49.4,110,1.8,47.6
NE,"Clay",51.8,102,1.5,50.3
NE,"Colfax",50.5,103,1.7,48.8
NE,"Cuming",49.5,99,1.3,48.2
NE,"Custer",49.4,96,1.2,48.2
NE,"Dakota",48.9,96,1.2,47.7
NE,"Dawes",48.5,109,1.8,46.7
NE,"Dawson",50.7,98,1.2,49.5
NE,"Deuel",50.2,106,1.5,48.7
NE,"Dixon",48.4,93,0.9,47.5
NE,"Dodge",50.7,105,1.6,49.1
NE,"Douglas",51.6,104,1.7,49.9
NE,"Dundy",52.2,108,1.6,50.6
NE,"Fillmore",51.4,86,0.8,50.6
NE,"Franklin",52.2,97,1.2,51
NE,"Frontier",51.7,107,1.6,50.1
NE,"Furnas",52.2,92,1.0,51.2
NE,"Gage",52.0,85,0.7,51.3
NE,"Garden",49.1,110,1.9,47.2
NE,"Garfield",48.4,92,1.1,47.3
NE,"Gosper",51.3,95,1.1,50.2
NE,"Grant",47.9,104,1.6,46.3
NE,"Greeley",49.2,95,1.2,48
NE,"Hall",51.4,107,1.8,49.6
NE,"Hamilton",51.6,105,1.7,49.9
NE,"Harlan",52.3,93,1.1,51.2
NE,"Hayes",51.4,104,1.5,49.9
NE,"Hitchcock",52.4,104,1.3,51.1
NE,"Holt",48.1,85,0.8,47.3
NE,"Hooker",48.2,90,0.9,47.3
NE,"Howard",50.6,103,1.5,49.1
NE,"Jefferson",52.2,93,1.0,51.2
NE,"Johnson",51.9,85,0.6,51.3
NE,"Kearney",51.3,99,1.3,50
NE,"Keith",50.7,109,1.8,48.9
NE,"Keya Paha",48.9,104,1.8,47.1
NE,"Kimball",48.0,110,1.9,46.1
NE,"Knox",48.7,91,1.0,47.7
NE,"Lancaster",51.6,97,1.1,50.5
NE,"Lincoln",50.6,106,1.6,49
NE,"Logan",49.1,92,1.0,48.1
NE,"Loup",48.6,95,1.1,47.5
NE,"McPherson",49.1,102,1.3,47.8
NE,"Madison",49.4,98,1.2,48.2
NE,"Merrick",51.3,105,1.7,49.6
NE,"Morrill",49.3,109,2.1,47.2
NE,"Nance",50.5,104,1.6,48.9
NE,"Nemaha",52.5,86,0.8,51.7
NE,"Nuckolls",52.3,101,1.4,50.9
NE,"Otoe",51.8,87,0.7,51.1
NE,"Pawnee",52.3,87,0.6,51.7
NE,"Perkins",51.0,113,1.8,49.2
NE,"Phelps",51.2,95,1.1,50.1
NE,"Pierce",48.6,93,1.0,47.6
NE,"Platte",50.2,103,1.6,48.6
NE,"Polk",50.7,95,1.2,49.5
NE,"Red Willow",52.6,109,1.7,50.9
NE,"Richardson",53.1,94,1.0,52.1
NE,"Rock",48.5,100,1.4,47.1
NE,"Saline",51.4,81,0.6,50.8
NE,"Sarpy",51.8,104,1.5,50.3
NE,"Saunders",51.4,103,1.6,49.8
NE,"Scotts Bluff",49.6,115,2.2,47.4
NE,"Seward",50.7,81,0.6,50.1
NE,"Sheridan",47.9,110,2.1,45.8
NE,"Sherman",50.0,102,1.5,48.5
NE,"Sioux",46.8,101,1.5,45.3
NE,"Stanton",49.7,101,1.5,48.2
NE,"Thayer",52.2,96,1.1,51.1
NE,"Thomas",49.0,88,0.8,48.2
NE,"Thurston",49.1,99,1.2,47.9
NE,"Valley",49.1,97,1.2,47.9
NE,"Washington",50.9,102,1.5,49.4
NE,"Wayne",48.8,98,1.2,47.6
NE,"Webster",52.3,98,1.4,50.9
NE,"Wheeler",48.8,97,1.3,47.5
NE,"York",51.0,90,0.8,50.2
NV,"Churchill",53.2,121,2.7,50.5
NV,"Clark",66.0,119,2.9,63.1
NV,"Douglas",50.6,122,2.8,47.8
NV,"Elko",46.9,119,2.5,44.4
NV,"Esmeralda",55.3,123,4.3,51
NV,"Eureka",48.4,122,3.3,45.1
NV,"Humboldt",51.2,122,3.0,48.2
NV,"Lander",50.3,122,3.2,47.1
NV,"Lincoln",56.7,119,2.8,53.9
NV,"Lyon",53.2,123,3.1,50.1
NV,"Mineral",52.8,124,3.9,48.9
NV,"Nye",54.0,123,3.5,50.5
NV,"Pershing",52.7,123,2.8,49.9
NV,"Storey",52.7,124,3.3,49.4
NV,"Washoe",51.2,121,3.1,48.1
NV,"White Pine",48.1,121,3.1,45
NV,"Carson City",52.0,123,3.2,48.8
NH,"Belknap",46.3,114,2.4,43.9
NH,"Carroll",44.8,116,2.5,42.3
NH,"Cheshire",46.9,118,3.0,43.9
NH,"Coos",40.8,113,2.4,38.4
NH,"Grafton",43.4,117,2.6,40.8
NH,"Hillsborough",48.4,119,3.3,45.1
NH,"Merrimack",46.9,119,2.8,44.1
NH,"Rockingham",48.8,116,2.7,46.1
NH,"Strafford",47.2,112,2.2,45
NH,"Sullivan",45.4,119,3.0,42.4
NJ,"Atlantic",56.2,120,3.5,52.7
NJ,"Bergen",54.3,119,3.3,51
NJ,"Burlington",56.1,120,3.2,52.9
NJ,"Camden",56.2,118,2.9,53.3
NJ,"Cape May",56.5,120,3.4,53.1
NJ,"Cumberland",56.1,116,3.1,53
NJ,"Essex",54.8,120,3.5,51.3
NJ,"Gloucester",56.2,116,2.7,53.5
NJ,"Hudson",56.1,119,3.4,52.7
NJ,"Hunterdon",53.2,120,3.7,49.5
NJ,"Mercer",55.5,121,3.7,51.8
NJ,"Middlesex",55.7,121,3.8,51.9
NJ,"Monmouth",56.0,121,3.9,52.1
NJ,"Morris",52.2,119,3.3,48.9
NJ,"Ocean",55.9,122,3.6,52.3
NJ,"Passaic",52.3,118,3.2,49.1
NJ,"Salem",56.2,116,2.6,53.6
NJ,"Somerset",54.4,120,3.7,50.7
NJ,"Sussex",50.4,116,2.8,47.6
NJ,"Union",55.4,120,3.6,51.8
NJ,"Warren",51.6,120,3.4,48.2
NM,"Bernalillo",55.2,123,3.0,52.2
NM,"Catron",50.2,121,2.5,47.7
NM,"Chaves",61.8,125,4.0,57.8
NM,"Cibola",50.5,119,2.3,48.2
NM,"Colfax",48.6,117,2.0,46.6
NM,"Curry",58.7,121,3.2,55.5
NM,"De Baca",60.8,125,4.3,56.5
NM,"Dona Ana",63.4,123,3.3,60.1
NM,"Eddy",63.9,122,3.4,60.5
NM,"Grant",58.4,124,3.5,54.9
NM,"Guadalupe",57.3,121,3.2,54.1
NM,"Harding",55.6,118,2.3,53.3
NM,"Hidalgo",62.5,124,3.5,59
NM,"Lea",62.3,123,2.9,59.4
NM,"Lincoln",56.5,122,3.1,53.4
NM,"Los Alamos",49.0,122,2.8,46.2
NM,"Luna",63.1,123,3.3,59.8
NM,"McKinley",51.2,123,2.9,48.3
NM,"Mora",50.0,123,3.2,46.8
NM,"Otero",59.7,122,3.1,56.6
NM,"Quay",59.2,122,2.8,56.4
NM,"Rio Arriba",47.7,123,3.1,44.6
NM,"Roosevelt",59.6,121,3.1,56.5
NM,"Sandoval",52.0,123,2.8,49.2
NM,"San Juan",53.8,124,3.4,50.4
NM,"San Miguel",54.6,121,2.8,51.8
NM,"Santa Fe",51.1,121,2.7,48.4
NM,"Sierra",59.3,122,2.7,56.6
NM,"Socorro",55.6,122,2.6,53
NM,"Taos",45.4,123,3.3,42.1
NM,"Torrance",52.7,122,3.1,49.6
NM,"Union",53.2,113,1.7,51.5
NM,"Valencia",56.9,121,2.9,54
NY,"Albany",48.8,117,2.4,46.4
NY,"Allegany",47.0,116,2.2,44.8
NY,"Bronx",56.0,119,3.4,52.6
NY,"Broome",47.3,107,1.6,45.7
NY,"Cattaraugus",47.1,117,2.4,44.7
NY,"Cayuga",47.7,105,1.6,46.1
NY,"Chautauqua",48.6,117,2.6,46
NY,"Chemung",48.2,115,2.3,45.9
NY,"Chenango",46.1,107,1.6,44.5
NY,"Clinton",44.3,115,2.5,41.8
NY,"Columbia",49.8,117,2.7,47.1
NY,"Cortland",45.8,104,1.5,44.3
NY,"Delaware",45.6,109,1.8,43.8
NY,"Dutchess",51.2,121,3.4,47.8
NY,"Erie",48.9,117,2.7,46.2
NY,"Essex",42.3,107,1.9,40.4
NY,"Franklin",42.7,114,2.4,40.3
NY,"Fulton",45.7,111,2.0,43.7
NY,"Genesee",48.3,114,2.2,46.1
NY,"Greene",47.4,116,2.4,45
NY,"Hamilton",42.0,113,2.2,39.8
NY,"Herkimer",43.8,111,2.1,41.7
NY,"Jefferson",46.1,112,2.5,43.6
NY,"Kings",56.4,119,3.3,53.1
NY,"Lewis",43.9,115,2.6,41.3
NY,"Livingston",48.6,114,2.3,46.3
NY,"Madison",46.1,112,1.9,44.2
NY,"Monroe",49.0,109,2.1,46.9
NY,"Montgomery",47.6,108,1.7,45.9
NY,"Nassau",55.2,119,3.3,51.9
NY,"New York",56.3,119,3.4,52.9
NY,"Niagara",49.3,113,2.4,46.9
NY,"Oneida",46.1,112,2.1,44
NY,"Onondaga",47.9,114,2.1,45.8
NY,"Ontario",48.3,111,2.0,46.3
NY,"Orange",51.0,118,3.1,47.9
NY,"Orleans",48.7,109,2.1,46.6
NY,"Oswego",47.5,116,2.5,45
NY,"Otsego",45.3,98,1.3,44
NY,"Putnam",51.6,120,3.4,48.2
NY,"Queens",55.9,119,3.2,52.7
NY,"Rensselaer",48.5,117,2.8,45.7
NY,"Richmond",56.4,120,3.6,52.8
NY,"Rockland",53.0,119,3.3,49.7
NY,"St. Lawrence",44.5,112,2.6,41.9
NY,"Saratoga",47.4,116,2.5,44.9
NY,"Schenectady",48.4,116,2.4,46
NY,"Schoharie",46.2,109,1.7,44.5
NY,"Schuyler",47.6,113,2.1,45.5
NY,"Seneca",48.5,104,1.5,47
NY,"Steuben",47.3,113,2.1,45.2
NY,"Suffolk",53.4,119,3.1,50.3
NY,"Sullivan",47.7,116,2.5,45.2
NY,"Tioga",47.7,111,1.8,45.9
NY,"Tompkins",47.2,104,1.6,45.6
NY,"Ulster",49.0,117,3.0,46
NY,"Warren",44.5,112,2.2,42.3
NY,"Washington",46.9,113,2.4,44.5
NY,"Wayne",48.1,101,1.4,46.7
NY,"Westchester",53.3,120,3.3,50
NY,"Wyoming",47.2,116,2.5,44.7
NY,"Yates",48.3,114,2.1,46.2
NC,"Alamance",59.8,111,1.7,58.1
NC,"Alexander",59.0,116,1.9,57.1
NC,"Alleghany",53.2,119,2.3,50.9
NC,"Anson",62.8,116,2.1,60.7
NC,"Ashe",52.0,118,2.1,49.9
NC,"Avery",51.1,116,1.9,49.2
NC,"Beaufort",63.6,120,2.6,61
NC,"Bertie",62.0,121,2.6,59.4
NC,"Bladen",63.6,116,2.0,61.6
NC,"Brunswick",64.8,119,2.3,62.5
NC,"Buncombe",55.1,116,1.9,53.2
NC,"Burke",58.5,114,1.7,56.8
NC,"Cabarrus",61.0,110,1.7,59.3
NC,"Caldwell",58.1,116,1.7,56.4
NC,"Camden",62.3,123,3.1,59.2
NC,"Carteret",65.3,123,3.0,62.3
NC,"Caswell",59.2,109,1.6,57.6
NC,"Catawba",59.8,116,1.9,57.9
NC,"Chatham",61.0,115,1.9,59.1
NC,"Cherokee",56.8,99,1.1,55.7
NC,"Chowan",62.6,121,2.8,59.8
NC,"Clay",55.9,115,1.8,54.1
NC,"Cleveland",60.1,112,1.6,58.5
NC,"Columbus",64.1,116,2.0,62.1
NC,"Craven",64.0,122,2.7,61.3
NC,"Cumberland",63.2,116,2.1,61.1
NC,"Currituck",62.6,124,3.2,59.4
NC,"Dare",64.1,124,2.9,61.2
NC,"Davidson",59.8,112,1.7,58.1
NC,"Davie",59.5,116,2.2,57.3
NC,"Duplin",63.0,117,2.0,61
NC,"Durham",60.4,116,2.2,58.2
NC,"Edgecombe",61.7,118,2.1,59.6
NC,"Forsyth",59.2,116,2.1,57.1
NC,"Franklin",60.8,120,2.5,58.3
NC,"Gaston",61.4,119,2.4,59
NC,"Gates",61.4,121,2.5,58.9
NC,"Graham",54.8,103,1.3,53.5
NC,"Granville",59.9,120,2.4,57.5
NC,"Greene",62.9,119,2.3,60.6
NC,"Guilford",59.4,114,1.8,57.6
NC,"Halifax",60.8,119,2.2,58.6
NC,"Harnett",62.4,116,2.1,60.3
NC,"Haywood",52.0,113,1.7,50.3
NC,"Henderson",56.2,114,1.6,54.6
NC,"Hertford",61.1,118,2.2,58.9
NC,"Hoke",63.0,118,2.3,60.7
NC,"Hyde",64.6,123,2.9,61.7
NC,"Iredell",59.8,119,2.3,57.5
NC,"Jackson",53.7,117,1.9,51.8
NC,"Johnston",62.4,119,2.2,60.2
NC,"Jones",63.5,120,2.6,60.9
NC,"Lee",61.8,116,2.1,59.7
NC,"Lenoir",63.1,119,2.4,60.7
NC,"Lincoln",60.4,117,2.1,58.3
NC,"McDowell",58.0,118,2.1,55.9
NC,"Macon",55.0,118,2.0,53
NC,"Madison",55.7,114,1.9,53.8
NC,"Martin",62.4,120,2.6,59.8
NC,"Mecklenburg",61.6,116,2.2,59.4
NC,"Mitchell",52.4,115,1.7,50.7
NC,"Montgomery",62.0,118,2.1,59.9
NC,"Moore",62.2,117,2.3,59.9
NC,"Nash",61.1,118,2.3,58.8
NC,"New Hanover",65.1,122,2.6,62.5
NC,"Northampton",60.7,118,2.2,58.5
NC,"Onslow",64.1,121,2.5,61.6
NC,"Orange",59.9,115,2.0,57.9
NC,"Pamlico",64.6,122,2.6,62
NC,"Pasquotank",62.5,123,3.1,59.4
NC,"Pender",64.2,120,2.4,61.8
NC,"Perquimans",62.5,122,2.9,59.6
NC,"Person",59.2,117,2.1,57.1
NC,"Pitt",62.9,119,2.4,60.5
NC,"Polk",59.6,106,1.3,58.3
NC,"Randolph",60.3,106,1.5,58.8
NC,"Richmond",63.0,118,2.3,60.7
NC,"Robeson",63.8,118,2.1,61.7
NC,"Rockingham",59.1,115,1.7,57.4
NC,"Rowan",60.0,110,1.8,58.2
NC,"Rutherford",59.9,114,1.6,58.3
NC,"Sampson",62.9,115,1.9,61
NC,"Scotland",63.5,119,2.5,61
NC,"Stanly",61.8,113,1.8,60
NC,"Stokes",58.6,117,2.1,56.5
NC,"Surry",57.6,116,2.1,55.5
NC,"Swain",52.9,109,1.3,51.6
NC,"Transylvania",55.4,118,2.1,53.3
NC,"Tyrrell",63.6,122,2.9,60.7
NC,"Union",62.0,116,1.9,60.1
NC,"Vance",60.1,120,2.5,57.6
NC,"Wake",61.4,117,2.2,59.2
NC,"Warren",60.3,120,2.5,57.8
NC,"Washington",63.0,120,2.9,60.1
NC,"Watauga",52.1,117,2.1,50
NC,"Wayne",62.8,119,2.3,60.5
NC,"Wilkes",58.0,118,2.3,55.7
NC,"Wilson",62.2,119,2.3,59.9
NC,"Yadkin",58.9,119,2.4,56.5
NC,"Yancey",52.3,115,1.9,50.4
ND,"Adams",43.0,92,1.5,41.5
ND,"Barnes",41.0,89,1.3,39.7
ND,"Benson",39.9,100,1.9,38
ND,"Billings",43.0,93,1.4,41.6
ND,"Bottineau",39.7,94,1.8,37.9
ND,"Bowman",43.8,98,1.7,42.1
ND,"Burke",39.2,91,1.5,37.7
ND,"Burleigh",41.9,93,1.7,40.2
ND,"Cass",41.0,73,0.5,40.5
ND,"Cavalier",38.0,97,1.9,36.1
ND,"Dickey",41.5,73,0.4,41.1
ND,"Divide",40.1,98,2.1,38
ND,"Dunn",42.5,94,1.7,40.8
ND,"Eddy",40.1,92,1.5,38.6
ND,"Emmons",42.2,82,0.8,41.4
ND,"Foster",40.3,89,1.3,39
ND,"Golden Valley",43.0,88,1.0,42
ND,"Grand Forks",39.8,81,0.9,38.9
ND,"Grant",42.6,85,1.1,41.5
ND,"Griggs",39.9,92,1.4,38.5
ND,"Hettinger",42.6,91,1.5,41.1
ND,"Kidder",40.9,89,1.4,39.5
ND,"LaMoure",41.6,83,1.0,40.6
ND,"Logan",41.1,84,1.1,40
ND,"McHenry",41.1,96,1.9,39.2
ND,"McIntosh",41.1,77,0.7,40.4
ND,"McKenzie",42.4,93,1.7,40.7
ND,"McLean",42.1,101,2.0,40.1
ND,"Mercer",42.6,95,1.6,41
ND,"Morton",42.4,88,1.3,41.1
ND,"Mountrail",40.4,92,1.5,38.9
ND,"Nelson",39.2,95,1.4,37.8
ND,"Oliver",42.2,87,1.3,40.9
ND,"Pembina",39.5,101,1.9,37.6
ND,"Pierce",40.0,106,2.3,37.7
ND,"Ramsey",39.1,92,1.5,37.6
ND,"Ransom",41.5,74,0.5,41
ND,"Renville",40.1,89,1.5,38.6
ND,"Richland",42.4,83,1.0,41.4
ND,"Rolette",38.8,112,2.6,36.2
ND,"Sargent",41.8,74,0.4,41.4
ND,"Sheridan",41.6,107,2.3,39.3
ND,"Sioux",42.8,81,0.8,42
ND,"Slope",43.5,91,1.5,42
ND,"Stark",42.7,93,1.5,41.2
ND,"Steele",39.4,72,0.3,39.1
ND,"Stutsman",41.1,92,1.4,39.7
ND,"Towner",38.9,109,2.5,36.4
ND,"Traill",39.9,60,-0.1,40
ND,"Walsh",39.4,92,1.5,37.9
ND,"Ward",41.0,94,1.7,39.3
ND,"Wells",40.3,93,1.6,38.7
ND,"Williams",41.2,99,2.0,39.2
OH,"Adams",54.5,107,1.7,52.8
OH,"Allen",52.1,112,2.0,50.1
OH,"Ashland",51.2,117,2.6,48.6
OH,"Ashtabula",50.3,119,2.8,47.5
OH,"Athens",53.8,110,1.8,52
OH,"Auglaize",51.7,105,1.7,50
OH,"Belmont",52.1,105,1.4,50.7
OH,"Brown",54.0,104,1.7,52.3
OH,"Butler",53.8,103,1.5,52.3
OH,"Carroll",51.8,117,2.5,49.3
OH,"Champaign",51.7,102,1.5,50.2
OH,"Clark",52.7,111,1.9,50.8
OH,"Clermont",54.6,106,1.7,52.9
OH,"Clinton",53.2,107,1.8,51.4
OH,"Columbiana",51.2,114,2.3,48.9
OH,"Coshocton",52.0,112,2.0,50
OH,"Crawford",51.5,118,2.5,49
OH,"Cuyahoga",52.0,117,2.7,49.3
OH,"Darke",52.3,115,2.0,50.3
OH,"Defiance",50.9,103,1.6,49.3
OH,"Delaware",52.4,105,1.6,50.8
OH,"Erie",52.1,114,2.0,50.1
OH,"Fairfield",53.1,110,1.7,51.4
OH,"Fayette",53.1,111,2.0,51.1
OH,"Franklin",53.4,109,1.7,51.7
OH,"Fulton",51.0,110,2.3,48.7
OH,"Gallia",54.6,98,1.1,53.5
OH,"Geauga",50.1,119,2.9,47.2
OH,"Greene",53.2,110,1.9,51.3
OH,"Guernsey",51.8,99,1.1,50.7
OH,"Hamilton",54.8,102,1.7,53.1
OH,"Hancock",52.5,118,2.7,49.8
OH,"Hardin",52.4,118,2.6,49.8
OH,"Harrison",52.0,114,2.1,49.9
OH,"Henry",51.8,113,2.3,49.5
OH,"Highland",53.3,105,1.7,51.6
OH,"Hocking",53.0,106,1.7,51.3
OH,"Holmes",51.3,113,2.1,49.2
OH,"Huron",51.4,116,2.1,49.3
OH,"Jackson",54.0,107,1.6,52.4
OH,"Jefferson",52.2,113,1.8,50.4
OH,"Knox",51.0,108,1.7,49.3
OH,"Lake",51.4,119,3.0,48.4
OH,"Lawrence",55.5,113,1.9,53.6
OH,"Licking",52.1,109,1.8,50.3
OH,"Logan",51.3,105,1.6,49.7
OH,"Lorain",52.0,114,2.2,49.8
OH,"Lucas",52.6,118,2.9,49.7
OH,"Madison",52.8,110,1.8,51
OH,"Mahoning",50.7,116,2.5,48.2
OH,"Marion",52.2,115,2.2,50
OH,"Medina",51.7,117,2.6,49.1
OH,"Meigs",54.0,101,1.2,52.8
OH,"Mercer",51.6,106,1.6,50
OH,"Miami",53.2,116,2.2,51
OH,"Monroe",52.6,104,1.4,51.2
OH,"Montgomery",53.8,116,2.2,51.6
OH,"Morgan",53.3,110,1.8,51.5
OH,"Morrow",51.1,110,1.9,49.2
OH,"Muskingum",52.7,112,1.9,50.8
OH,"Noble",52.7,103,1.5,51.2
OH,"Ottawa",52.4,115,2.3,50.1
OH,"Paulding",51.0,95,1.3,49.7
OH,"Perry",52.7,111,1.9,50.8
OH,"Pickaway",54.0,109,1.8,52.2
OH,"Pike",54.4,112,2.0,52.4
OH,"Portage",51.0,119,3.1,47.9
OH,"Preble",52.6,112,1.9,50.7
OH,"Putnam",52.0,112,2.1,49.9
OH,"Richland",51.0,118,2.7,48.3
OH,"Ross",54.1,112,1.9,52.2
OH,"Sandusky",52.2,113,2.1,50.1
OH,"Scioto",54.9,109,1.9,53
OH,"Seneca",51.8,115,2.1,49.7
OH,"Shelby",51.8,108,1.6,50.2
OH,"Stark",52.1,120,3.3,48.8
OH,"Summit",52.3,119,3.3,49
OH,"Trumbull",50.5,119,2.7,47.8
OH,"Tuscarawas",52.1,116,2.3,49.8
OH,"Union",52.1,107,1.6,50.5
OH,"Van Wert",51.4,103,1.5,49.9
OH,"Vinton",53.4,104,1.5,51.9
OH,"Warren",54.0,106,1.7,52.3
OH,"Washington",54.4,114,2.1,52.3
OH,"Wayne",51.4,117,2.4,49
OH,"Williams",50.2,105,1.8,48.4
OH,"Wood",52.5,116,2.6,49.9
OH,"Wyandot",52.6,118,2.7,49.9
OK,"Adair",59.0,74,0.4,58.6
OK,"Alfalfa",58.5,86,0.5,58
OK,"Atoka",62.4,81,0.4,62
OK,"Beaver",57.6,95,0.8,56.8
OK,"Beckham",61.0,111,1.7,59.3
OK,"Blaine",59.6,86,0.7,58.9
OK,"Bryan",63.2,89,0.6,62.6
OK,"Caddo",60.7,93,0.8,59.9
OK,"Canadian",60.4,97,0.9,59.5
OK,"Carter",62.2,55,-0.3,62.5
OK,"Cherokee",59.6,69,0.1,59.5
OK,"Choctaw",62.8,88,0.6,62.2
OK,"Cimarron",55.3,90,0.8,54.5
OK,"Cleveland",60.9,78,0.4,60.5
OK,"Coal",62.1,74,0.2,61.9
OK,"Comanche",61.7,81,0.4,61.3
OK,"Cotton",62.8,80,0.4,62.4
OK,"Craig",58.5,60,-0.2,58.7
OK,"Creek",60.8,99,0.9,59.9
OK,"Custer",60.0,105,1.1,58.9
OK,"Delaware",58.5,65,0.0,58.5
OK,"Dewey",59.0,93,0.8,58.2
OK,"Ellis",58.5,104,1.2,57.3
OK,"Garfield",59.3,89,0.7,58.6
OK,"Garvin",61.4,68,-0.1,61.5
OK,"Grady",61.1,91,0.8,60.3
OK,"Grant",58.7,88,0.7,58
OK,"Greer",61.6,106,1.1,60.5
OK,"Harmon",62.3,109,1.4,60.9
OK,"Harper",58.1,89,0.7,57.4
OK,"Haskell",61.9,90,0.8,61.1
OK,"Hughes",61.4,76,0.2,61.2
OK,"Jackson",62.5,103,1.0,61.5
OK,"Jefferson",62.9,70,-0.0,62.9
OK,"Johnston",62.2,70,0.0,62.2
OK,"Kay",59.1,94,0.8,58.3
OK,"Kingfisher",60.1,78,0.4,59.7
OK,"Kiowa",61.5,101,1.0,60.5
OK,"Latimer",61.6,89,0.7,60.9
OK,"Le Flore",61.3,98,1.0,60.3
OK,"Lincoln",60.6,75,0.2,60.4
OK,"Logan",60.2,79,0.5,59.7
OK,"Love",63.0,59,-0.1,63.1
OK,"McClain",61.2,83,0.6,60.6
OK,"McCurtain",62.2,101,1.2,61
OK,"McIntosh",61.6,79,0.4,61.2
OK,"Major",59.1,83,0.5,58.6
OK,"Marshall",63.0,74,0.1,62.9
OK,"Mayes",59.2,46,-0.4,59.6
OK,"Murray",61.5,47,-0.4,61.9
OK,"Muskogee",61.2,78,0.4,60.8
OK,"Noble",59.9,93,0.9,59
OK,"Nowata",58.8,69,0.1,58.7
OK,"Okfuskee",61.3,85,0.6,60.7
OK,"Oklahoma",60.7,83,0.5,60.2
OK,"Okmulgee",61.4,85,0.6,60.8
OK,"Osage",59.0,81,0.4,58.6
OK,"Ottawa",58.8,83,0.6,58.2
OK,"Pawnee",60.0,90,0.7,59.3
OK,"Payne",60.3,93,0.7,59.6
OK,"Pittsburg",61.7,75,0.2,61.5
OK,"Pontotoc",61.3,66,-0.1,61.4
OK,"Pottawatomie",61.0,71,0.1,60.9
OK,"Pushmataha",61.8,93,0.7,61.1
OK,"Roger Mills",60.0,108,1.6,58.4
OK,"Rogers",59.8,78,0.3,59.5
OK,"Seminole",61.1,70,0.1,61
OK,"Sequoyah",61.1,84,0.6,60.5
OK,"Stephens",61.8,70,0.0,61.8
OK,"Texas",57.2,102,1.2,56
OK,"Tillman",62.9,93,0.8,62.1
OK,"Tulsa",60.7,88,0.8,59.9
OK,"Wagoner",60.7,77,0.3,60.4
OK,"Washington",59.0,80,0.4,58.6
OK,"Washita",60.7,104,1.1,59.6
OK,"Woods",58.0,84,0.5,57.5
OK,"Woodward",58.3,88,0.7,57.6
OR,"Baker",47.0,120,2.6,44.4
OR,"Benton",53.1,116,1.6,51.5
OR,"Clackamas",49.6,116,2.0,47.6
OR,"Clatsop",50.8,114,1.8,49
OR,"Columbia",51.7,114,2.0,49.7
OR,"Coos",53.6,119,2.3,51.3
OR,"Crook",47.5,121,2.7,44.8
OR,"Curry",54.2,121,2.7,51.5
OR,"Deschutes",45.8,121,2.4,43.4
OR,"Douglas",52.4,121,2.6,49.8
OR,"Gilliam",51.5,116,2.4,49.1
OR,"Grant",45.8,119,2.4,43.4
OR,"Harney",47.7,119,3.0,44.7
OR,"Hood River",47.0,119,2.4,44.6
OR,"Jackson",52.1,121,2.8,49.3
OR,"Jefferson",49.0,121,2.6,46.4
OR,"Josephine",52.9,122,3.1,49.8
OR,"Klamath",46.4,121,3.2,43.2
OR,"Lake",47.1,120,3.1,44
OR,"Lane",51.0,117,1.9,49.1
OR,"Lincoln",52.2,114,1.3,50.9
OR,"Linn",50.3,115,1.8,48.5
OR,"Malheur",49.5,118,2.4,47.1
OR,"Marion",50.8,114,1.8,49
OR,"Morrow",51.1,118,2.6,48.5
OR,"Multnomah",52.7,118,2.2,50.5
OR,"Polk",52.9,116,1.9,51
OR,"Sherman",51.3,115,2.4,48.9
OR,"Tillamook",50.4,115,1.7,48.7
OR,"Umatilla",50.2,120,2.7,47.5
OR,"Union",45.8,119,2.4,43.4
OR,"Wallowa",44.6,114,1.9,42.7
OR,"Wasco",49.9,120,2.5,47.4
OR,"Washington",52.2,117,2.1,50.1
OR,"Wheeler",48.7,120,2.4,46.3
OR,"Yamhill",52.7,116,1.7,51
PA,"Adams",53.9,118,2.7,51.2
PA,"Allegheny",52.6,114,2.0,50.6
PA,"Armstrong",50.8,115,2.1,48.7
PA,"Beaver",51.9,109,1.9,50
PA,"Bedford",51.9,117,2.3,49.6
PA,"Berks",53.8,120,3.2,50.6
PA,"Blair",50.6,116,2.1,48.5
PA,"Bradford",48.3,116,2.3,46
PA,"Bucks",54.2,120,3.4,50.8
PA,"Butler",50.6,110,1.9,48.7
PA,"Cambria",48.8,114,1.9,46.9
PA,"Cameron",47.7,94,1.0,46.7
PA,"Carbon",49.3,116,2.7,46.6
PA,"Centre",49.7,111,1.6,48.1
PA,"Chester",54.2,117,2.7,51.5
PA,"Clarion",49.5,117,2.4,47.1
PA,"Clearfield",48.8,114,2.0,46.8
PA,"Clinton",49.0,102,1.3,47.7
PA,"Columbia",50.3,117,2.4,47.9
PA,"Crawford",49.0,118,2.7,46.3
PA,"Cumberland",53.9,118,2.8,51.1
PA,"Dauphin",53.2,119,3.0,50.2
PA,"Delaware",55.7,116,2.6,53.1
PA,"Elk",48.3,118,2.8,45.5
PA,"Erie",49.4,117,2.8,46.6
PA,"Fayette",51.6,114,1.9,49.7
PA,"Forest",48.7,118,2.7,46
PA,"Franklin",53.4,117,2.4,51
PA,"Fulton",53.0,119,2.4,50.6
PA,"Greene",52.7,115,1.9,50.8
PA,"Huntingdon",52.0,118,2.2,49.8
PA,"Indiana",50.1,115,1.9,48.2
PA,"Jefferson",49.0,119,2.6,46.4
PA,"Juniata",52.5,115,2.0,50.5
PA,"Lackawanna",48.7,119,3.0,45.7
PA,"Lancaster",54.3,118,3.1,51.2
PA,"Lawrence",50.8,109,1.9,48.9
PA,"Lebanon",53.3,120,3.2,50.1
PA,"Lehigh",53.2,120,3.4,49.8
PA,"Luzerne",49.0,116,2.6,46.4
PA,"Lycoming",49.3,115,2.1,47.2
PA,"McKean",47.4,118,2.8,44.6
PA,"Mercer",49.8,116,2.5,47.3
PA,"Mifflin",51.8,115,1.9,49.9
PA,"Monroe",48.6,116,2.6,46
PA,"Montgomery",54.7,117,3.0,51.7
PA,"Montour",51.3,116,2.5,48.8
PA,"Northampton",52.3,119,3.4,48.9
PA,"Northumberland",51.5,116,2.5,49
PA,"Perry",53.0,118,2.5,50.5
PA,"Philadelphia",56.3,119,3.1,53.2
PA,"Pike",48.3,116,2.5,45.8
PA,"Potter",46.6,104,1.5,45.1
PA,"Schuylkill",50.9,119,2.8,48.1
PA,"Snyder",51.7,115,2.1,49.6
PA,"Somerset",49.3,117,2.4,46.9
PA,"Sullivan",46.8,115,2.2,44.6
PA,"Susquehanna",47.9,115,2.3,45.6
PA,"Tioga",47.2,112,2.0,45.2
PA,"Union",51.1,115,2.2,48.9
PA,"Venango",49.4,117,2.6,46.8
PA,"Warren",48.0,117,2.6,45.4
PA,"Washington",52.4,116,1.9,50.5
PA,"Wayne",47.6,116,2.4,45.2
PA,"Westmoreland",51.8,115,1.9,49.9
PA,"Wyoming",49.2,120,2.9,46.3
PA,"York",54.3,121,3.2,51.1
RI,"Bristol",53.1,121,3.3,49.8
RI,"Kent",52.0,122,3.6,48.4
RI,"Newport",52.9,121,3.4,49.5
RI,"Providence",51.5,120,3.3,48.2
RI,"Washington",52.6,122,3.8,48.8
SC,"Abbeville",62.9,114,1.6,61.3
SC,"Aiken",65.6,122,2.6,63
SC,"Allendale",66.1,120,2.3,63.8
SC,"Anderson",62.3,116,1.8,60.5
SC,"Bamberg",65.6,116,1.9,63.7
SC,"Barnwell",65.9,122,2.4,63.5
SC,"Beaufort",68.5,122,2.9,65.6
SC,"Berkeley",66.3,118,2.2,64.1
SC,"Calhoun",65.4,115,2.0,63.4
SC,"Charleston",67.2,120,2.5,64.7
SC,"Cherokee",61.2,115,1.8,59.4
SC,"Chester",62.1,111,1.3,60.8
SC,"Chesterfield",63.2,117,2.2,61
SC,"Clarendon",65.2,114,1.8,63.4
SC,"Colleton",66.7,120,2.5,64.2
SC,"Darlington",64.6,120,2.5,62.1
SC,"Dillon",64.5,119,2.3,62.2
SC,"Dorchester",66.5,119,2.5,64
SC,"Edgefield",64.5,117,1.9,62.6
SC,"Fairfield",63.0,110,1.4,61.6
SC,"Florence",65.2,120,2.3,62.9
SC,"Georgetown",65.0,110,1.3,63.7
SC,"Greenville",61.1,115,1.8,59.3
SC,"Greenwood",63.2,112,1.5,61.7
SC,"Hampton",66.5,119,2.3,64.2
SC,"Horry",64.6,115,1.8,62.8
SC,"Jasper",67.9,122,2.8,65.1
SC,"Kershaw",63.4,114,1.8,61.6
SC,"Lancaster",62.2,114,1.9,60.3
SC,"Laurens",62.4,108,1.4,61
SC,"Lee",64.2,116,2.0,62.2
SC,"Lexington",64.6,118,2.2,62.4
SC,"McCormick",63.8,116,1.7,62.1
SC,"Marion",64.8,116,1.9,62.9
SC,"Marlboro",64.2,119,2.3,61.9
SC,"Newberry",63.2,112,1.5,61.7
SC,"Oconee",60.7,106,1.3,59.4
SC,"Orangeburg",65.7,119,2.1,63.6
SC,"Pickens",61.3,119,2.2,59.1
SC,"Richland",64.6,113,1.8,62.8
SC,"Saluda",63.7,114,1.7,62
SC,"Spartanburg",61.6,114,1.8,59.8
SC,"Sumter",64.6,112,1.6,63
SC,"Union",62.0,111,1.3,60.7
SC,"Williamsburg",65.2,112,1.7,63.5
SC,"York",61.7,114,1.7,60
SD,"Aurora",46.6,85,0.9,45.7
SD,"Beadle",45.0,76,0.5,44.5
SD,"Bennett",48.1,108,2.1,46
SD,"Bon Homme",48.4,93,1.1,47.3
SD,"Brookings",43.7,83,0.9,42.8
SD,"Brown",43.2,86,1.1,42.1
SD,"Brule",47.8,99,1.7,46.1
SD,"Buffalo",46.3,89,1.1,45.2
SD,"Butte",46.1,96,1.5,44.6
SD,"Campbell",43.0,75,0.5,42.5
SD,"Charles Mix",48.6,94,1.1,47.5
SD,"Clark",43.2,86,0.9,42.3
SD,"Clay",48.1,96,1.0,47.1
SD,"Codington",42.4,90,1.1,41.3
SD,"Corson",43.7,77,0.6,43.1
SD,"Custer",46.3,100,1.5,44.8
SD,"Davison",46.0,55,-0.1,46.1
SD,"Day",42.0,82,0.8,41.2
SD,"Deuel",43.1,92,1.2,41.9
SD,"Dewey",45.1,80,0.9,44.2
SD,"Douglas",47.4,80,0.8,46.6
SD,"Edmunds",43.0,78,0.5,42.5
SD,"Fall River",47.6,91,1.1,46.5
SD,"Faulk",43.6,79,0.6,43
SD,"Grant",43.4,94,1.3,42.1
SD,"Gregory",48.7,103,1.6,47.1
SD,"Haakon",46.8,80,0.9,45.9
SD,"Hamlin",43.1,93,1.2,41.9
SD,"Hand",44.8,81,0.8,44
SD,"Hanson",45.7,53,-0.2,45.9
SD,"Harding",45.1,105,2.3,42.8
SD,"Hughes",46.4,84,1.0,45.4
SD,"Hutchinson",47.2,80,0.8,46.4
SD,"Hyde",44.7,83,1.0,43.7
SD,"Jackson",48.3,91,1.4,46.9
SD,"Jerauld",45.3,75,0.3,45
SD,"Jones",47.7,86,1.0,46.7
SD,"Kingsbury",44.0,81,0.7,43.3
SD,"Lake",44.6,79,0.7,43.9
SD,"Lawrence",42.9,75,0.6,42.3
SD,"Lincoln",47.0,97,1.3,45.7
SD,"Lyman",47.8,91,1.3,46.5
SD,"McCook",46.0,81,0.8,45.2
SD,"McPherson",41.9,77,0.4,41.5
SD,"Marshall",41.6,74,0.4,41.2
SD,"Meade",46.5,90,1.3,45.2
SD,"Mellette",48.6,93,1.4,47.2
SD,"Miner",44.8,65,0.1,44.7
SD,"Minnehaha",46.5,106,1.9,44.6
SD,"Moody",44.6,87,0.9,43.7
SD,"Oglala Lakota",48.9,110,2.2,46.7
SD,"Pennington",46.4,95,1.5,44.9
SD,"Perkins",44.3,93,1.4,42.9
SD,"Potter",43.8,79,0.8,43
SD,"Roberts",43.0,90,1.2,41.8
SD,"Sanborn",45.3,55,-0.3,45.6
SD,"Spink",44.5,81,1.0,43.5
SD,"Stanley",46.8,80,0.9,45.9
SD,"Sully",45.2,80,0.8,44.4
SD,"Todd",48.2,99,1.6,46.6
SD,"Tripp",48.8,104,1.8,47
SD,"Turner",47.3,97,1.4,45.9
SD,"Union",47.9,91,1.0,46.9
SD,"Walworth",43.6,79,0.8,42.8
SD,"Yankton",48.3,102,1.5,46.8
SD,"Ziebach",45.6,89,1.1,44.5
TN,"Anderson",58.3,113,1.6,56.7
TN,"Bedford",60.0,114,1.6,58.4
TN,"Benton",59.6,100,1.2,58.4
TN,"Bledsoe",58.3,116,2.0,56.3
TN,"Blount",58.9,110,1.4,57.5
TN,"Bradley",60.8,115,1.9,58.9
TN,"Campbell",56.4,103,1.3,55.1
TN,"Cannon",59.1,113,1.6,57.5
TN,"Carroll",59.4,92,0.9,58.5
TN,"Carter",54.6,115,1.8,52.8
TN,"Cheatham",59.5,108,1.5,58
TN,"Chester",60.3,98,1.2,59.1
TN,"Claiborne",56.0,86,0.5,55.5
TN,"Clay",58.7,109,1.5,57.2
TN,"Cocke",58.5,114,1.8,56.7
TN,"Coffee",58.9,112,1.5,57.4
TN,"Crockett",60.1,93,1.1,59
TN,"Cumberland",56.2,108,1.5,54.7
TN,"Davidson",60.0,109,1.7,58.3
TN,"Decatur",60.5,105,1.4,59.1
TN,"DeKalb",59.2,112,1.7,57.5
TN,"Dickson",59.1,109,1.6,57.5
TN,"Dyer",59.8,90,0.8,59
TN,"Fayette",61.0,92,0.9,60.1
TN,"Fentress",56.8,117,2.2,54.6
TN,"Franklin",59.5,111,1.5,58
TN,"Gibson",59.6,93,0.9,58.7
TN,"Giles",59.6,100,1.1,58.5
TN,"Grainger",57.7,100,1.2,56.5
TN,"Greene",58.3,112,1.7,56.6
TN,"Grundy",57.5,114,1.8,55.7
TN,"Hamblen",58.6,110,1.5,57.1
TN,"Hamilton",60.9,117,2.2,58.7
TN,"Hancock",56.8,102,1.1,55.7
TN,"Hardeman",60.7,99,1.2,59.5
TN,"Hardin",60.7,103,1.2,59.5
TN,"Hawkins",58.0,111,1.5,56.5
TN,"Haywood",60.5,92,1.2,59.3
TN,"Henderson",60.0,99,1.3,58.7
TN,"Henry",58.8,85,0.6,58.2
TN,"Hickman",59.5,110,1.6,57.9
TN,"Houston",59.1,104,1.3,57.8
TN,"Humphreys",59.4,105,1.5,57.9
TN,"Jackson",59.0,106,1.4,57.6
TN,"Jefferson",59.4,114,1.9,57.5
TN,"Johnson",53.4,118,2.1,51.3
TN,"Knox",59.4,113,1.6,57.8
TN,"Lake",59.3,82,0.5,58.8
TN,"Lauderdale",60.6,90,0.9,59.7
TN,"Lawrence",59.5,108,1.5,58
TN,"Lewis",59.4,109,1.7,57.7
TN,"Lincoln",60.0,99,1.2,58.8
TN,"Loudon",60.0,114,1.6,58.4
TN,"McMinn",60.5,119,2.0,58.5
TN,"McNairy",60.5,98,1.0,59.5
TN,"Macon",58.1,91,1.0,57.1
TN,"Madison",60.3,99,1.3,59
TN,"Marion",59.5,113,1.8,57.7
TN,"Marshall",60.0,113,1.7,58.3
TN,"Maury",59.6,109,1.6,58
TN,"Meigs",60.4,118,2.1,58.3
TN,"Monroe",59.0,113,1.6,57.4
TN,"Montgomery",59.4,111,1.7,57.7
TN,"Moore",59.7,108,1.4,58.3
TN,"Morgan",57.3,117,2.0,55.3
TN,"Obion",58.8,80,0.4,58.4
TN,"Overton",57.9,112,1.8,56.1
TN,"Perry",60.1,109,1.6,58.5
TN,"Pickett",58.1,117,2.2,55.9
TN,"Polk",59.5,112,1.5,58
TN,"Putnam",58.2,111,1.7,56.5
TN,"Rhea",59.3,116,2.0,57.3
TN,"Roane",59.8,118,2.0,57.8
TN,"Robertson",58.8,101,1.2,57.6
TN,"Rutherford",60.0,112,1.6,58.4
TN,"Scott",56.4,116,1.9,54.5
TN,"Sequatchie",58.5,117,2.0,56.5
TN,"Sevier",57.2,112,1.4,55.8
TN,"Shelby",61.8,88,0.7,61.1
TN,"Smith",59.2,99,1.1,58.1
TN,"Stewart",59.0,98,1.1,57.9
TN,"Sullivan",57.4,117,1.9,55.5
TN,"Sumner",58.8,97,1.2,57.6
TN,"Tipton",61.0,85,0.7,60.3
TN,"Trousdale",59.1,96,1.1,58
TN,"Unicoi",54.5,114,1.5,53
TN,"Union",57.5,98,1.1,56.4
TN,"Van Buren",58.0,116,2.0,56
TN,"Warren",59.0,114,1.9,57.1
TN,"Washington",57.7,115,1.7,56
TN,"Wayne",60.0,110,1.6,58.4
TN,"Weakley",58.8,82,0.5,58.3
TN,"White",58.4,113,1.7,56.7
TN,"Williamson",59.6,112,1.7,57.9
TN,"Wilson",59.6,107,1.3,58.3
TX,"Anderson",65.8,77,0.3,65.5
TX,"Andrews",64.3,118,2.4,61.9
TX,"Angelina",67.4,107,1.3,66.1
TX,"Aransas",72.3,116,1.9,70.4
TX,"Archer",64.2,90,0.7,63.5
TX,"Armstrong",60.2,117,2.2,58
TX,"Atascosa",71.1,105,1.3,69.8
TX,"Austin",70.2,116,2.1,68.1
TX,"Bailey",59.1,117,2.0,57.1
TX,"Bandera",67.9,114,1.7,66.2
TX,"Bastrop",69.4,116,2.0,67.4
TX,"Baylor",64.2,92,0.7,63.5
TX,"Bee",71.7,102,1.3,70.4
TX,"Bell",67.3,109,1.5,65.8
TX,"Bexar",70.1,110,1.6,68.5
TX,"Blanco",67.5,108,1.4,66.1
TX,"Borden",63.9,98,1.0,62.9
TX,"Bosque",66.0,85,0.6,65.4
TX,"Bowie",63.8,90,0.6,63.2
TX,"Brazoria",71.9,123,2.9,69
TX,"Brazos",68.5,110,1.4,67.1
TX,"Brewster",67.3,122,2.8,64.5
TX,"Briscoe",61.2,114,1.9,59.3
TX,"Brooks",74.8,116,2.5,72.3
TX,"Brown",66.1,114,1.7,64.4
TX,"Burleson",68.9,114,1.9,67
TX,"Burnet",67.0,96,0.9,66.1
TX,"Caldwell",69.6,115,1.7,67.9
TX,"Calhoun",72.6,122,2.9,69.7
TX,"Callahan",64.5,89,0.8,63.7
TX,"Cameron",76.1,121,2.5,73.6
TX,"Camp",64.6,90,0.7,63.9
TX,"Carson",59.3,117,2.5,56.8
TX,"Cass",64.4,80,0.3,64.1
TX,"Castro",58.2,112,1.5,56.7
TX,"Chambers",71.0,123,2.7,68.3
TX,"Cherokee",65.8,80,0.4,65.4
TX,"Childress",63.0,109,1.6,61.4
TX,"Clay",63.9,85,0.5,63.4
TX,"Cochran",60.1,116,2.1,58
TX,"Coke",65.5,111,1.6,63.9
TX,"Coleman",66.2,115,2.0,64.2
TX,"Collin",64.6,90,0.8,63.8
TX,"Collingsworth",61.2,108,1.4,59.8
TX,"Colorado",71.2,122,3.0,68.2
TX,"Comal",68.9,109,1.6,67.3
TX,"Comanche",65.6,106,1.3,64.3
TX,"Concho",66.4,117,2.1,64.3
TX,"Cooke",63.6,72,0.1,63.5
TX,"Coryell",66.1,88,0.7,65.4
TX,"Cottle",63.7,110,1.4,62.3
TX,"Crane",67.6,120,2.8,64.8
TX,"Crockett",66.6,115,1.9,64.7
TX,"Crosby",61.9,113,1.6,60.3
TX,"Culberson",64.3,123,3.2,61.1
TX,"Dallam",56.1,110,1.6,54.5
TX,"Dallas",66.2,93,0.9,65.3
TX,"Dawson",63.1,105,1.2,61.9
TX,"Deaf Smith",57.9,117,2.1,55.8
TX,"Delta",63.9,79,0.5,63.4
TX,"Denton",65.1,88,0.6,64.5
TX,"DeWitt",71.5,122,2.4,69.1
TX,"Dickens",63.3,108,1.5,61.8
TX,"Dimmit",72.8,114,2.1,70.7
TX,"Donley",60.6,114,1.8,58.8
TX,"Duval",73.1,113,1.9,71.2
TX,"Eastland",64.5,87,0.7,63.8
TX,"Ector",65.7,118,2.6,63.1
TX,"Edwards",67.0,114,1.9,65.1
TX,"Ellis",66.2,79,0.4,65.8
TX,"El Paso",66.1,123,3.9,62.2
TX,"Erath",65.5,105,1.2,64.3
TX,"Falls",67.1,102,1.2,65.9
TX,"Fannin",63.6,87,0.6,63
TX,"Fayette",70.4,121,2.4,68
TX,"Fisher",64.9,116,1.6,63.3
TX,"Floyd",60.5,112,1.5,59
TX,"Foard",63.9,101,1.1,62.8
TX,"Fort Bend",71.4,121,2.8,68.6
TX,"Franklin",64.2,87,0.6,63.6
TX,"Freestone",66.4,89,0.6,65.8
TX,"Frio",71.3,109,1.6,69.7
TX,"Gaines",62.8,119,1.9,60.9
TX,"Galveston",72.1,124,3.2,68.9
TX,"Garza",63.7,108,1.4,62.3
TX,"Gillespie",66.2,108,1.3,64.9
TX,"Glasscock",65.1,114,1.9,63.2
TX,"Goliad",71.9,117,2.0,69.9
TX,"Gonzales",70.6,117,1.9,68.7
TX,"Gray",59.5,115,2.2,57.3
TX,"Grayson",63.8,83,0.4,63.4
TX,"Gregg",65.2,66,0.1,65.1
TX,"Grimes",68.5,109,1.4,67.1
TX,"Guadalupe",69.9,112,1.6,68.3
TX,"Hale",59.9,115,1.7,58.2
TX,"Hall",62.5,111,1.6,60.9
TX,"Hamilton",65.7,102,0.9,64.8
TX,"Hansford",58.2,108,1.4,56.8
TX,"Hardeman",63.4,106,1.4,62
TX,"Hardin",68.8,118,1.8,67
TX,"Harris",71.1,122,2.6,68.5
TX,"Harrison",65.3,67,0.1,65.2
TX,"Hartley",57.4,114,2.0,55.4
TX,"Haskell",64.2,85,0.6,63.6
TX,"Hays",68.4,109,1.5,66.9
TX,"Hemphill",59.1,107,1.4,57.7
TX,"Henderson",65.4,75,0.3,65.1
TX,"Hidalgo",75.8,115,2.0,73.8
TX,"Hill",66.2,76,0.3,65.9
TX,"Hockley",60.8,116,2.0,58.8
TX,"Hood",65.8,90,0.7,65.1
TX,"Hopkins",64.2,88,0.6,63.6
TX,"Houston",66.5,77,0.3,66.2
TX,"Howard",64.5,100,1.1,63.4
TX,"Hudspeth",63.8,124,3.3,60.5
TX,"Hunt",64.1,83,0.6,63.5
TX,"Hutchinson",60.0,116,2.2,57.8
TX,"Irion",65.9,118,2.0,63.9
TX,"Jack",64.5,100,1.1,63.4
TX,"Jackson",72.0,122,3.0,69
TX,"Jasper",67.9,118,1.7,66.2
TX,"Jeff Davis",63.3,121,3.1,60.2
TX,"Jefferson",70.3,122,2.4,67.9
TX,"Jim Hogg",74.4,114,2.2,72.2
TX,"Jim Wells",73.4,114,2.0,71.4
TX,"Johnson",65.8,81,0.5,65.3
TX,"Jones",64.5,84,0.6,63.9
TX,"Karnes",71.2,112,1.6,69.6
TX,"Kaufman",65.5,81,0.4,65.1
TX,"Kendall",67.5,110,1.4,66.1
TX,"Kenedy",74.9,119,2.7,72.2
TX,"Kent",64.6,111,1.6,63
TX,"Kerr",66.1,111,1.6,64.5
TX,"Kimble",66.4,117,2.2,64.2
TX,"King",64.4,111,1.6,62.8
TX,"Kinney",70.4,113,1.6,68.8
TX,"Kleberg",74.1,116,2.7,71.4
TX,"Knox",64.3,97,1.0,63.3
TX,"Lamar",63.3,76,0.3,63
TX,"Lamb",59.5,114,1.8,57.7
TX,"Lampasas",66.4,97,1.0,65.4
TX,"La Salle",72.5,109,1.6,70.9
TX,"Lavaca",71.5,124,3.1,68.4
TX,"Lee",69.1,116,2.1,67
TX,"Leon",66.6,82,0.5,66.1
TX,"Liberty",70.1,121,2.4,67.7
TX,"Limestone",66.5,91,0.7,65.8
TX,"Lipscomb",58.0,99,1.1,56.9
TX,"Live Oak",72.0,106,1.4,70.6
TX,"Llano",67.5,110,1.6,65.9
TX,"Loving",66.8,123,3.3,63.5
TX,"Lubbock",61.6,117,2.3,59.3
TX,"Lynn",62.4,114,1.6,60.8
TX,"McCulloch",66.6,116,2.1,64.5
TX,"McLennan",66.6,92,0.8,65.8
TX,"McMullen",72.1,105,1.4,70.7
TX,"Madison",67.2,80,0.6,66.6
TX,"Marion",65.0,71,0.2,64.8
TX,"Martin",64.8,114,1.9,62.9
TX,"Mason",66.7,114,1.7,65
TX,"Matagorda",71.6,121,2.5,69.1
TX,"Maverick",72.4,114,2.0,70.4
TX,"Medina",70.2,110,1.8,68.4
TX,"Menard",66.0,117,2.4,63.6
TX,"Midland",66.1,120,2.7,63.4
TX,"Milam",68.2,115,2.0,66.2
TX,"Mills",66.0,110,1.3,64.7
TX,"Mitchell",65.2,115,1.6,63.6
TX,"Montague",63.7,83,0.5,63.2
TX,"Montgomery",69.8,118,2.3,67.5
TX,"Moore",58.9,117,2.2,56.7
TX,"Morris",64.5,89,0.7,63.8
TX,"Motley",62.7,111,1.5,61.2
TX,"Nacogdoches",66.3,88,0.7,65.6
TX,"Navarro",66.3,81,0.5,65.8
TX,"Newton",67.9,117,1.8,66.1
TX,"Nolan",64.6,117,1.8,62.8
TX,"Nueces",73.5,115,2.3,71.2
TX,"Ochiltree",58.2,106,1.2,57
TX,"Oldham",58.6,115,2.0,56.6
TX,"Orange",69.3,118,1.8,67.5
TX,"Palo Pinto",65.2,93,0.9,64.3
TX,"Panola",65.6,72,0.2,65.4
TX,"Parker",65.0,85,0.4,64.6
TX,"Parmer",58.3,117,2.2,56.1
TX,"Pecos",66.6,122,2.8,63.8
TX,"Polk",67.9,104,1.1,66.8
TX,"Potter",59.5,117,2.4,57.1
TX,"Presidio",66.6,121,3.1,63.5
TX,"Rains",64.6,90,0.7,63.9
TX,"Randall",58.7,116,2.1,56.6
TX,"Reagan",65.8,117,2.2,63.6
TX,"Real",67.2,114,1.8,65.4
TX,"Red River",63.4,91,0.7,62.7
TX,"Reeves",67.0,123,3.3,63.7
TX,"Refugio",72.0,113,1.7,70.3
TX,"Roberts",59.5,113,1.9,57.6
TX,"Robertson",67.5,104,1.2,66.3
TX,"Rockwall",65.1,90,0.7,64.4
TX,"Runnels",65.5,102,1.3,64.2
TX,"Rusk",65.5,69,0.2,65.3
TX,"Sabine",67.5,119,2.1,65.4
TX,"San Augustine",67.3,116,1.7,65.6
TX,"San Jacinto",68.6,111,1.5,67.1
TX,"San Patricio",72.5,109,1.6,70.9
TX,"San Saba",66.9,113,1.8,65.1
TX,"Schleicher",65.8,118,2.1,63.7
TX,"Scurry",64.4,112,1.6,62.8
TX,"Shackelford",64.5,82,0.5,64
TX,"Shelby",65.8,84,0.5,65.3
TX,"Sherman",57.5,107,1.5,56
TX,"Smith",65.0,78,0.3,64.7
TX,"Somervell",66.0,90,0.7,65.3
TX,"Starr",75.6,115,2.1,73.5
TX,"Stephens",64.5,85,0.6,63.9
TX,"Sterling",65.2,117,1.7,63.5
TX,"Stonewall",64.5,99,1.1,63.4
TX,"Sutton",66.4,119,2.2,64.2
TX,"Swisher",59.1,114,1.6,57.5
TX,"Tarrant",65.9,84,0.5,65.4
TX,"Taylor",64.5,94,0.9,63.6
TX,"Terrell",68.0,121,1.9,66.1
TX,"Terry",61.8,114,1.7,60.1
TX,"Throckmorton",64.4,89,0.7,63.7
TX,"Titus",64.4,98,1.0,63.4
TX,"Tom Green",66.3,115,1.8,64.5
TX,"Travis",68.6,110,1.5,67.1
TX,"Trinity",66.9,77,0.4,66.5
TX,"Tyler",67.7,111,1.4,66.3
TX,"Upshur",64.8,78,0.4,64.4
TX,"Upton",66.8,119,2.5,64.3
TX,"Uvalde",70.2,112,1.8,68.4
TX,"Val Verde",69.1,112,1.6,67.5
TX,"Van Zandt",64.9,82,0.5,64.4
TX,"Victoria",72.2,123,2.8,69.4
TX,"Walker",67.7,91,0.7,67
TX,"Waller",70.0,118,2.1,67.9
TX,"Ward",67.6,123,3.2,64.4
TX,"Washington",69.3,115,1.8,67.5
TX,"Webb",73.4,112,1.8,71.6
TX,"Wharton",71.4,121,2.7,68.7
TX,"Wheeler",60.2,112,1.8,58.4
TX,"Wichita",63.6,89,0.6,63
TX,"Wilbarger",63.6,94,0.8,62.8
TX,"Willacy",75.6,120,2.4,73.2
TX,"Williamson",67.9,110,1.5,66.4
TX,"Wilson",70.6,111,1.4,69.2
TX,"Winkler",66.3,121,3.0,63.3
TX,"Wise",64.6,89,0.7,63.9
TX,"Wood",64.6,88,0.7,63.9
TX,"Yoakum",61.2,117,2.1,59.1
TX,"Young",64.6,97,1.0,63.6
TX,"Zapata",75.0,115,2.0,73
TX,"Zavala",72.1,114,1.9,70.2
UT,"Beaver",51.0,120,3.2,47.8
UT,"Box Elder",49.5,118,2.4,47.1
UT,"Cache",44.8,114,2.2,42.6
UT,"Carbon",46.2,116,2.8,43.4
UT,"Daggett",42.5,108,2.0,40.5
UT,"Davis",51.0,118,3.0,48
UT,"Duchesne",43.4,118,3.1,40.3
UT,"Emery",51.9,114,2.8,49.1
UT,"Garfield",50.6,121,3.2,47.4
UT,"Grand",53.0,120,3.7,49.3
UT,"Iron",51.0,123,3.4,47.6
UT,"Juab",51.9,119,2.7,49.2
UT,"Kane",54.5,123,3.3,51.2
UT,"Millard",52.7,119,2.8,49.9
UT,"Morgan",45.4,117,2.8,42.6
UT,"Piute",45.8,122,3.2,42.6
UT,"Rich",41.1,103,1.7,39.4
UT,"Salt Lake",51.0,120,3.3,47.7
UT,"San Juan",54.5,117,2.8,51.7
UT,"Sanpete",46.1,120,3.0,43.1
UT,"Sevier",46.8,120,2.8,44
UT,"Summit",40.2,113,2.4,37.8
UT,"Tooele",52.4,119,2.5,49.9
UT,"Uintah",47.4,117,3.0,44.4
UT,"Utah",48.5,120,2.7,45.8
UT,"Wasatch",42.8,118,2.8,40
UT,"Washington",58.0,122,3.2,54.8
UT,"Wayne",52.6,117,3.0,49.6
UT,"Weber",47.6,118,2.9,44.7
VT,"Addison",44.8,109,2.1,42.7
VT,"Bennington",44.5,119,2.9,41.6
VT,"Caledonia",41.8,106,1.6,40.2
VT,"Chittenden",45.6,118,3.0,42.6
VT,"Essex",41.0,108,1.9,39.1
VT,"Franklin",44.6,115,2.7,41.9
VT,"Grand Isle",46.2,113,2.4,43.8
VT,"Lamoille",42.8,116,2.7,40.1
VT,"Orange",43.8,117,2.5,41.3
VT,"Orleans",42.0,110,2.2,39.8
VT,"Rutland",44.3,112,2.3,42
VT,"Washington",42.8,113,2.2,40.6
VT,"Windham",45.4,116,2.7,42.7
VT,"Windsor",44.8,118,2.8,42
VA,"Accomack",59.4,119,2.8,56.6
VA,"Albemarle",57.5,120,2.8,54.7
VA,"Alleghany",53.7,108,1.4,52.3
VA,"Amelia",59.0,117,2.3,56.7
VA,"Amherst",56.2,116,1.8,54.4
VA,"Appomattox",57.4,116,2.1,55.3
VA,"Arlington",57.7,118,2.8,54.9
VA,"Augusta",54.1,118,2.3,51.8
VA,"Bath",53.0,113,1.8,51.2
VA,"Bedford",57.0,114,1.7,55.3
VA,"Bland",52.2,108,1.4,50.8
VA,"Botetourt",55.6,104,1.2,54.4
VA,"Brunswick",59.9,120,2.6,57.3
VA,"Buchanan",55.2,114,1.7,53.5
VA,"Buckingham",58.2,119,2.4,55.8
VA,"Campbell",57.6,119,2.3,55.3
VA,"Caroline",58.3,116,2.4,55.9
VA,"Carroll",53.5,113,1.8,51.7
VA,"Charles City",60.5,116,2.0,58.5
VA,"Charlotte",58.2,119,2.2,56
VA,"Chesterfield",59.3,115,1.9,57.4
VA,"Clarke",55.3,119,2.7,52.6
VA,"Craig",53.6,105,1.3,52.3
VA,"Culpeper",57.0,120,2.8,54.2
VA,"Cumberland",58.7,119,2.5,56.2
VA,"Dickenson",55.1,112,1.6,53.5
VA,"Dinwiddie",59.9,119,2.4,57.5
VA,"Essex",58.7,113,1.9,56.8
VA,"Fairfax",57.5,119,2.9,54.6
VA,"Fauquier",56.3,118,2.9,53.4
VA,"Floyd",52.6,108,1.6,51
VA,"Fluvanna",58.4,121,2.8,55.6
VA,"Franklin",57.1,114,1.9,55.2
VA,"Frederick",54.4,116,2.5,51.9
VA,"Giles",52.9,107,1.3,51.6
VA,"Gloucester",60.3,117,2.3,58
VA,"Goochland",58.4,119,2.3,56.1
VA,"Grayson",51.8,115,2.0,49.8
VA,"Greene",56.2,121,3.1,53.1
VA,"Greensville",60.4,119,2.4,58
VA,"Halifax",58.8,118,2.2,56.6
VA,"Hanover",58.8,117,2.2,56.6
VA,"Henrico",59.4,115,1.9,57.5
VA,"Henry",58.0,115,1.7,56.3
VA,"Highland",50.6,118,2.1,48.5
VA,"Isle of Wight",61.1,119,2.4,58.7
VA,"James City",60.7,118,2.3,58.4
VA,"King and Queen",59.2,114,2.0,57.2
VA,"King George",58.7,118,2.7,56
VA,"King William",59.2,114,2.1,57.1
VA,"Lancaster",59.2,115,2.0,57.2
VA,"Lee",56.0,102,1.1,54.9
VA,"Loudoun",56.1,119,2.9,53.2
VA,"Louisa",57.7,119,2.4,55.3
VA,"Lunenburg",58.9,117,2.4,56.5
VA,"Madison",55.8,120,2.9,52.9
VA,"Mathews",60.3,118,2.4,57.9
VA,"Mecklenburg",59.4,119,2.4,57
VA,"Middlesex",59.6,115,2.1,57.5
VA,"Montgomery",54.2,112,1.6,52.6
VA,"Nelson",56.2,117,2.2,54
VA,"New Kent",59.7,114,2.0,57.7
VA,"Northampton",60.4,118,2.7,57.7
VA,"Northumberland",58.8,114,2.2,56.6
VA,"Nottoway",59.1,117,2.5,56.6
VA,"Orange",57.4,120,2.7,54.7
VA,"Page",54.3,119,2.8,51.5
VA,"Patrick",56.0,109,1.5,54.5
VA,"Pittsylvania",58.1,115,1.8,56.3
VA,"Powhatan",58.7,116,2.2,56.5
VA,"Prince Edward",58.2,117,2.2,56
VA,"Prince George",60.5,118,2.1,58.4
VA,"Prince William",57.7,120,3.1,54.6
VA,"Pulaski",54.0,116,1.7,52.3
VA,"Rappahannock",55.0,116,2.6,52.4
VA,"Richmond",58.5,111,1.8,56.7
VA,"Roanoke",55.8,108,1.6,54.2
VA,"Rockbridge",55.0,112,1.5,53.5
VA,"Rockingham",54.5,119,2.9,51.6
VA,"Russell",54.8,116,1.9,52.9
VA,"Scott",56.4,113,1.5,54.9
VA,"Shenandoah",54.4,118,2.5,51.9
VA,"Smyth",53.2,117,2.2,51
VA,"Southampton",60.8,121,2.4,58.4
VA,"Spotsylvania",57.3,115,2.4,54.9
VA,"Stafford",58.0,120,3.0,55
VA,"Surry",60.9,119,2.4,58.5
VA,"Sussex",60.7,121,2.6,58.1
VA,"Tazewell",52.6,116,1.9,50.7
VA,"Warren",54.7,116,2.4,52.3
VA,"Washington",55.6,119,2.2,53.4
VA,"Westmoreland",58.6,114,2.2,56.4
VA,"Wise",54.0,107,1.3,52.7
VA,"Wythe",53.2,116,1.8,51.4
VA,"York",61.0,119,2.5,58.5
VA,"Alexandria City",58.3,119,2.8,55.5
VA,"Bristol City",57.0,117,2.1,54.9
VA,"Buena Vista City",56.2,112,1.5,54.7
VA,"Charlottesville City",57.9,118,2.7,55.2
VA,"Chesapeake City",61.7,121,2.9,58.8
VA,"Colonial Heights City",60.0,115,1.8,58.2
VA,"Covington City",55.2,101,1.2,54
VA,"Danville City",59.0,107,1.5,57.5
VA,"Emporia City",60.6,120,2.4,58.2
VA,"Fairfax City",57.1,118,2.9,54.2
VA,"Falls Church City",57.2,119,2.8,54.4
VA,"Franklin City",60.8,120,2.3,58.5
VA,"Fredericksburg City",57.7,119,2.7,55
VA,"Galax City",53.5,115,2.0,51.5
VA,"Hampton City",61.6,119,2.5,59.1
VA,"Harrisonburg City",55.7,121,3.0,52.7
VA,"Hopewell City",60.3,114,1.7,58.6
VA,"Lynchburg City",57.3,117,2.1,55.2
VA,"Manassas City",57.5,119,3.0,54.5
VA,"Manassas Park City",57.5,119,3.0,54.5
VA,"Martinsville City",58.0,114,1.7,56.3
VA,"Newport News City",61.5,119,2.5,59
VA,"Norfolk City",62.4,121,3.1,59.3
VA,"Norton City",53.9,103,1.2,52.7
VA,"Petersburg City",60.1,116,2.0,58.1
VA,"Poquoson City",61.5,119,2.5,59
VA,"Portsmouth City",62.3,121,2.8,59.5
VA,"Radford City",54.4,115,1.6,52.8
VA,"Richmond City",59.3,115,1.9,57.4
VA,"Roanoke City",57.5,115,1.7,55.8
VA,"Salem City",57.3,114,1.7,55.6
VA,"Staunton City",55.2,117,2.3,52.9
VA,"Suffolk City",61.1,119,2.3,58.8
VA,"Virginia Beach City",62.2,122,3.2,59
VA,"Waynesboro City",55.6,118,2.4,53.2
VA,"Williamsburg City",60.7,120,2.5,58.2
VA,"Winchester City",54.9,117,2.6,52.3
WA,"Adams",50.2,111,1.8,48.4
WA,"Asotin",49.5,118,2.5,47
WA,"Benton",53.5,115,1.9,51.6
WA,"Chelan",44.3,114,2.1,42.2
WA,"Clallam",48.4,115,1.7,46.7
WA,"Clark",52.8,116,1.9,50.9
WA,"Columbia",49.2,116,2.4,46.8
WA,"Cowlitz",50.8,115,2.1,48.7
WA,"Douglas",49.0,112,1.9,47.1
WA,"Ferry",43.9,110,1.8,42.1
WA,"Franklin",52.8,115,2.0,50.8
WA,"Garfield",49.5,118,2.4,47.1
WA,"Grant",51.4,113,1.9,49.5
WA,"Grays Harbor",50.8,110,1.5,49.3
WA,"Island",51.4,111,1.5,49.9
WA,"Jefferson",46.6,112,1.7,44.9
WA,"King",48.7,115,1.7,47
WA,"Kitsap",52.4,115,1.8,50.6
WA,"Kittitas",46.5,116,2.2,44.3
WA,"Klickitat",50.0,119,2.5,47.5
WA,"Lewis",48.3,111,1.5,46.8
WA,"Lincoln",47.5,106,1.2,46.3
WA,"Mason",50.1,115,1.8,48.3
WA,"Okanogan",43.8,113,2.0,41.8
WA,"Pacific",51.1,111,1.6,49.5
WA,"Pend Oreille",43.1,108,1.7,41.4
WA,"Pierce",48.0,114,1.8,46.2
WA,"San Juan",51.2,112,1.4,49.8
WA,"Skagit",46.6,109,1.4,45.2
WA,"Skamania",47.0,120,2.4,44.6
WA,"Snohomish",47.0,110,1.3,45.7
WA,"Spokane",48.2,117,2.3,45.9
WA,"Stevens",46.0,110,1.8,44.2
WA,"Thurston",51.5,108,1.1,50.4
WA,"Wahkiakum",51.1,113,1.9,49.2
WA,"Walla Walla",53.6,115,2.2,51.4
WA,"Whatcom",45.1,110,1.6,43.5
WA,"Whitman",50.1,116,2.1,48
WA,"Yakima",47.9,116,2.4,45.5
WV,"Barbour",53.7,121,3.0,50.7
WV,"Berkeley",54.8,118,2.6,52.2
WV,"Boone",55.8,113,1.7,54.1
WV,"Braxton",55.1,116,2.0,53.1
WV,"Brooke",52.7,115,1.9,50.8
WV,"Cabell",56.4,112,1.9,54.5
WV,"Calhoun",54.8,112,2.0,52.8
WV,"Clay",55.4,114,1.8,53.6
WV,"Doddridge",54.3,116,2.3,52
WV,"Fayette",53.5,114,1.7,51.8
WV,"Gilmer",55.0,116,2.2,52.8
WV,"Grant",52.4,117,2.4,50
WV,"Greenbrier",51.6,116,2.1,49.5
WV,"Hampshire",53.8,117,2.2,51.6
WV,"Hancock",52.2,112,1.8,50.4
WV,"Hardy",53.1,116,2.2,50.9
WV,"Harrison",54.5,119,2.7,51.8
WV,"Jackson",55.4,111,1.9,53.5
WV,"Jefferson",55.2,118,2.6,52.6
WV,"Kanawha",56.1,112,1.7,54.4
WV,"Lewis",54.9,118,2.6,52.3
WV,"Lincoln",56.8,114,1.9,54.9
WV,"Logan",56.2,107,1.5,54.7
WV,"McDowell",54.6,106,1.6,53
WV,"Marion",53.6,115,2.0,51.6
WV,"Marshall",52.5,105,1.5,51
WV,"Mason",55.1,104,1.2,53.9
WV,"Mercer",52.4,95,1.0,51.4
WV,"Mineral",53.9,116,2.0,51.9
WV,"Mingo",56.7,109,1.5,55.2
WV,"Monongalia",52.9,114,1.9,51
WV,"Monroe",53.2,114,1.6,51.6
WV,"Morgan",54.1,117,2.4,51.7
WV,"Nicholas",52.9,115,2.0,50.9
WV,"Ohio",52.6,112,1.9,50.7
WV,"Pendleton",51.7,119,2.7,49
WV,"Pleasants",54.3,115,2.1,52.2
WV,"Pocahontas",48.6,112,1.8,46.8
WV,"Preston",51.4,119,2.6,48.8
WV,"Putnam",56.3,114,1.9,54.4
WV,"Raleigh",53.1,109,1.7,51.4
WV,"Randolph",49.8,119,2.7,47.1
WV,"Ritchie",54.5,115,2.2,52.3
WV,"Roane",55.1,111,1.8,53.3
WV,"Summers",53.8,113,1.6,52.2
WV,"Taylor",53.8,115,2.2,51.6
WV,"Tucker",50.1,121,3.1,47
WV,"Tyler",53.9,115,1.9,52
WV,"Upshur",53.6,119,2.8,50.8
WV,"Wayne",56.7,113,1.9,54.8
WV,"Webster",51.2,110,1.6,49.6
WV,"Wetzel",53.1,112,1.6,51.5
WV,"Wirt",54.8,113,2.0,52.8
WV,"Wood",55.1,115,2.2,52.9
WV,"Wyoming",54.5,107,1.6,52.9
WI,"Adams",45.3,105,1.8,43.5
WI,"Ashland",40.2,93,1.2,39
WI,"Barron",42.3,94,1.2,41.1
WI,"Bayfield",40.8,103,1.8,39
WI,"Brown",45.5,110,2.5,43
WI,"Buffalo",45.1,90,1.1,44
WI,"Burnett",42.3,104,1.6,40.7
WI,"Calumet",45.9,110,2.3,43.6
WI,"Chippewa",43.3,96,1.4,41.9
WI,"Clark",43.2,103,1.7,41.5
WI,"Columbia",46.9,110,2.1,44.8
WI,"Crawford",46.9,94,1.2,45.7
WI,"Dane",47.5,111,2.0,45.5
WI,"Dodge",46.3,100,1.4,44.9
WI,"Door",44.0,98,1.5,42.5
WI,"Douglas",40.9,107,1.8,39.1
WI,"Dunn",44.3,100,1.6,42.7
WI,"Eau Claire",44.5,107,1.9,42.6
WI,"Florence",40.5,101,1.6,38.9
WI,"Fond du Lac",46.2,106,2.0,44.2
WI,"Forest",39.9,93,1.2,38.7
WI,"Grant",47.2,88,0.9,46.3
WI,"Green",47.5,95,1.3,46.2
WI,"Green Lake",46.0,103,1.6,44.4
WI,"Iowa",46.9,101,1.5,45.4
WI,"Iron",39.2,85,0.7,38.5
WI,"Jackson",44.5,105,1.7,42.8
WI,"Jefferson",47.5,101,1.4,46.1
WI,"Juneau",45.2,104,1.6,43.6
WI,"Kenosha",48.9,106,1.7,47.2
WI,"Kewaunee",45.0,108,2.2,42.8
WI,"La Crosse",45.8,96,1.2,44.6
WI,"Lafayette",47.4,98,1.5,45.9
WI,"Langlade",41.2,104,1.7,39.5
WI,"Lincoln",41.3,98,1.4,39.9
WI,"Manitowoc",45.6,108,2.2,43.4
WI,"Marathon",43.0,108,1.9,41.1
WI,"Marinette",42.9,101,1.6,41.3
WI,"Marquette",46.0,105,1.7,44.3
WI,"Menominee",43.4,108,2.3,41.1
WI,"Milwaukee",48.4,109,2.0,46.4
WI,"Monroe",44.4,91,1.0,43.4
WI,"Oconto",43.8,106,2.0,41.8
WI,"Oneida",39.7,84,0.7,39
WI,"Outagamie",45.7,109,2.4,43.3
WI,"Ozaukee",46.8,104,1.7,45.1
WI,"Pepin",45.1,91,1.2,43.9
WI,"Pierce",44.7,95,1.4,43.3
WI,"Polk",43.1,102,1.5,41.6
WI,"Portage",44.6,108,2.1,42.5
WI,"Price",40.5,96,1.4,39.1
WI,"Racine",48.3,103,1.6,46.7
WI,"Richland",46.5,100,1.4,45.1
WI,"Rock",47.9,94,1.2,46.7
WI,"Rusk",42.2,96,1.4,40.8
WI,"St. Croix",44.1,99,1.4,42.7
WI,"Sauk",46.5,105,1.8,44.7
WI,"Sawyer",40.9,102,1.7,39.2
WI,"Shawano",44.4,110,2.6,41.8
WI,"Sheboygan",46.1,104,1.9,44.2
WI,"Taylor",41.8,99,1.5,40.3
WI,"Trempealeau",45.2,102,1.6,43.6
WI,"Vernon",45.5,91,1.1,44.4
WI,"Vilas",38.9,84,0.6,38.3
WI,"Walworth",47.8,98,1.4,46.4
WI,"Washburn",41.4,101,1.4,40
WI,"Washington",45.9,101,1.3,44.6
WI,"Waukesha",47.2,102,1.6,45.6
WI,"Waupaca",45.4,109,2.4,43
WI,"Waushara",45.4,107,2.0,43.4
WI,"Winnebago",46.3,109,2.1,44.2
WI,"Wood",44.1,103,1.6,42.5
WY,"Albany",41.6,112,2.2,39.4
WY,"Big Horn",44.1,114,2.6,41.5
WY,"Campbell",45.3,103,1.7,43.6
WY,"Carbon",42.3,111,2.0,40.3
WY,"Converse",45.0,103,1.3,43.7
WY,"Crook",44.6,100,1.5,43.1
WY,"Fremont",41.1,99,1.3,39.8
WY,"Goshen",48.2,113,2.3,45.9
WY,"Hot Springs",43.7,97,1.3,42.4
WY,"Johnson",44.0,99,1.4,42.6
WY,"Laramie",46.7,111,2.4,44.3
WY,"Lincoln",38.7,101,1.5,37.2
WY,"Natrona",44.0,98,1.3,42.7
WY,"Niobrara",45.8,91,1.0,44.8
WY,"Park",39.4,110,1.9,37.5
WY,"Platte",47.3,108,2.0,45.3
WY,"Sheridan",43.7,105,2.0,41.7
WY,"Sublette",35.9,97,1.1,34.8
WY,"Sweetwater",42.0,95,1.2,40.8
WY,"Teton",35.7,106,1.3,34.4
WY,"Uinta",40.3,95,1.1,39.2
WY,"Washakie",45.0,102,1.5,43.5
WY,"Weston",45.1,99,1.4,43.7
AK,"Aleutians East Borough",39.4,87,2.8,36.6
AK,"Aleutians West Census Area",39.5,83,1.6,37.9
AK,"Anchorage Municipality",32.7,64,1.2,31.5
AK,"Bethel Census Area",31.4,80,2.2,29.2
AK,"Bristol Bay Borough",36.0,67,1.7,34.3
AK,"Denali Borough",26.2,62,0.9,25.3
AK,"Dillingham Census Area",34.3,79,2.4,31.9
AK,"Fairbanks North Star Borough",26.7,50,0.3,26.4
AK,"Haines Borough",34.2,67,1.1,33.1
AK,"Hoonah-Angoon Census Area",37.6,75,1.3,36.3
AK,"Juneau City and Borough",34.4,64,1.0,33.4
AK,"Kenai Peninsula Borough",34.1,74,2.0,32.1
AK,"Ketchikan Gateway Borough",40.2,55,0.4,39.8
AK,"Kodiak Island Borough",39.2,85,2.6,36.6
AK,"Kusilvak Census Area",30.0,73,1.9,28.1
AK,"Lake and Peninsula Borough",35.8,75,1.9,33.9
AK,"Matanuska-Susitna Borough",29.1,65,1.2,27.9
AK,"Nome Census Area",26.1,79,2.6,23.5
AK,"North Slope Borough",15.6,72,2.3,13.3
AK,"Northwest Arctic Borough",22.9,75,2.4,20.5
AK,"Petersburg Borough",36.6,58,0.8,35.8
AK,"Prince of Wales-Hyder Census Area",42.9,55,0.6,42.3
AK,"Sitka City and Borough",41.0,78,1.5,39.5
AK,"Skagway Municipality",31.4,74,1.3,30.1
AK,"Southeast Fairbanks Census Area",24.1,51,0.4,23.7
AK,"Valdez-Cordova Census Area",27.5,69,1.4,26.1
AK,"Wrangell City and Borough",39.9,58,0.6,39.3
AK,"Yakutat City and Borough",33.9,77,1.9,32
AK,"Yukon-Koyukuk Census Area",24.9,61,1.1,23.8
